회사명,corp_code,재무제표,부채총계,법인세차감전 순이익,영업이익,정직원 수,비정규직 수,매출액,19현금흐름
기아,00106641,"55,344,798,000,000","26,366,660,000,000","2,531,104,000,000","2,009,680,000,000",35203.0,472.0,58145959000000.0,3610658000000.0
S-Oil,00138279,"16,333,401,000,000","9,836,775,000,000","110,351,000,000","420,077,000,000",726.0,32.0,24394173000000.0,679447000000.0
풀무원,00155355,"1,484,556,453,749","1,021,454,494,037","6,886,489,346","30,570,664,872",412.0,29.0,2381451203138.0,85410376723.0
케이티,00190321,"34,061,292,000,000","18,874,339,000,000","979,676,000,000","1,151,065,000,000",22810.0,562.0,24342064000000.0,3745173000000.0
SK,00181712,"132,020,676,000,000","79,838,041,000,000","2,776,568,000,000","3,949,864,000,000",824.0,130.0,97184175000000.0,8027739000000.0
NAVER,00266961,"12,299,527,120,786","5,795,601,052,206","866,722,133,963","710,070,173,513",3434.0,58.0,4356239667491.0,1356843480419.0
포스코인터내셔널,00124504,"8,959,415,088,000","5,911,354,252,000","329,978,106,000","605,317,746,000",348.0,44.0,24422574846000.0,1608967559000.0
SK이노베이션,00631518,"39,526,056,607,000","21,316,432,845,000","376,458,870,000","1,269,292,250,000",435.0,94.0,49801901616000.0,1825833804000.0
CJ대한통운,00113410,"9,110,016,110,171","5,454,770,837,946","93,833,541,248","307,186,346,174",860.0,234.0,10415108625820.0,850274679030.0
두산,00117212,"29,169,746,816,091","22,350,207,440,680","172,867,636,192","1,261,859,934,440",2156.0,85.0,12290055149151.0,784166127919.0
DL,00109693,"13,445,224,177,772","6,708,517,368,302","957,830,987,829","1,130,120,991,411",3091.0,1302.0,1660433291503.0,952207650153.0
일동홀딩스,00146083,"805,625,164,013","484,530,688,271","-47,273,318,389","-23,796,280,588",77.0,5.0,292221432211.0,14342013590.0
한국앤컴퍼니,00160047,"3,607,086,237,555","212,953,070,700","196,706,021,587","170,875,981,774",61.0,0.0,846889953456.0,94827144342.0
노루홀딩스,00113508,"1,007,372,302,316","439,906,012,914","34,608,704,299","25,013,196,740",53.0,2.0,884292309439.0,57418998746.0
동아쏘시오홀딩스,00116824,"1,358,576,945,107","611,673,079,204","38,683,832,373","52,823,155,830",166.0,0.0,769685605087.0,96786624585.0
SK하이닉스,00164779,"64,789,494,000,000","16,846,299,000,000","2,442,726,000,000","2,712,718,000,000",28127.0,117.0,26990733000000.0,6549736000000.0
현대건설,00164478,"18,226,972,000,000","9,511,990,000,000","798,931,000,000","859,667,000,000",2203.0,1994.0,17278792000000.0,478916000000.0
한화,00160588,"182,286,178,000,000","164,022,207,000,000","253,339,000,000","1,125,717,000,000",1323.0,360.0,50412399000000.0,2517921000000.0
DB하이텍,00160843,"1,088,889,809,571","444,239,079,806","143,965,439,877","181,292,187,959",908.0,19.0,807416422918.0,161078351164.0
CJ,00148540,"40,381,364,593,000","25,766,279,658,000","597,074,918,000","1,509,154,524,000",63.0,2.0,33779706665000.0,3864576582000.0
LX인터내셔널,00120076,"4,875,982,304,085","3,327,366,254,250","-75,284,221,827","134,784,427,823",780.0,4.0,10530857111717.0,224957775577.0
대한전선,00113207,"1,235,075,989,000","922,429,403,000","6,271,257,000","33,222,451,000",853.0,10.0,1554739981000.0,79182422000.0
대상,00121941,"2,397,069,212,059","1,374,881,483,464","150,562,655,436","129,813,204,520",674.0,309.0,2963985752603.0,167274478505.0
SK네트웍스,00131780,"10,138,772,000,000","7,833,519,000,000","1,540,000,000","109,372,000,000",572.0,393.0,13054240000000.0,466351000000.0
오리온홀딩스,00117577,"4,366,333,653,455","1,028,708,207,337","244,117,046,904","266,659,512,732",6.0,0.0,2103591289157.0,342587759965.0
한진,00163512,"3,548,368,716,753","2,494,469,954,773","-5,662,717,836","90,655,085,859",1355.0,75.0,2062344426631.0,167248866583.0
한독,00161046,"748,667,225,874","404,672,384,495","48,469,658,265","27,467,269,538",909.0,44.0,473000099749.0,8798266178.0
아모레퍼시픽그룹,00154462,"8,281,393,134,177","1,801,246,303,938","431,370,974,299","498,249,817,871",112.0,2.0,6284255176037.0,830247661182.0
TYM,00117230,"628,615,584,124","481,506,603,760","2,655,276,788","13,702,069,676",639.0,21.0,617355468463.0,16274904922.0
삼양식품,00126955,"470,358,961,825","182,721,296,801","78,264,681,483","78,285,193,733",1584.0,40.0,543580958422.0,52513365100.0
쌍용씨앤이,00138224,"3,328,814,818,458","1,526,312,079,176","168,340,089,214","228,410,594,640",44.0,133.0,1538480682981.0,365977999950.0
대한항공,00113526,"27,014,118,935,120","24,233,326,242,485","-734,492,435,556","257,473,678,564",1625.0,686.0,12398936444171.0,2287888607365.0
LG,00120021,"22,434,630,000,000","3,413,609,000,000","1,011,088,000,000","1,024,098,000,000",169.0,3.0,4427534000000.0,818667000000.0
롯데정밀화학,00157681,"1,792,685,481,726","299,572,633,402","224,874,046,294","189,666,421,057",810.0,34.0,1311271455369.0,257512347852.0
현대제철,00145880,"34,366,332,508,379","17,132,592,383,734","51,650,679,738","331,297,506,282",265.0,314.0,20512590431956.0,626355650890.0
한솔홀딩스,00171636,"666,384,880,000","210,254,480,000","15,094,267,000","11,799,997,000",36.0,1.0,346301325000.0,35088168000.0
신세계,00136378,"13,018,488,597,582","7,503,358,313,766","798,233,552,413","467,798,272,893",853.0,8.0,6394223581591.0,789940311999.0
현대비앤지스틸,00125743,"608,637,133,792","205,663,765,259","28,489,551,621","36,519,475,120",444.0,8.0,733254620862.0,35559460371.0
한솔테크닉스,00157399,"495,324,316,163","233,482,051,643","11,350,763,956","25,466,383,367",593.0,59.0,972243351972.0,94751183771.0
효성,00117188,"6,527,055,213,077","3,816,813,415,960","200,685,080,209","236,828,089,086",1104.0,70.0,2970708177917.0,140833978379.0
롯데지주,00120562,"15,605,750,443,735","7,813,213,753,005","-546,243,559,495","174,854,879,971",179.0,0.0,8856161430101.0,654139386542.0
빙그레,00124726,"684,922,782,174","113,783,206,589","53,102,769,593","45,782,148,344",318.0,159.0,878334259510.0,62804519373.0
롯데칠성음료,00120571,"3,256,509,992,171","2,028,505,104,216","-137,915,606,083","107,665,774,804",1079.0,464.0,2429527266539.0,134075960762.0
현대자동차,00164742,"194,512,220,000,000","118,146,466,000,000","4,163,766,000,000","1,580,164,000,000",66468.0,3564.0,105746422000000.0,419784000000.0
SK디스커버리,00131832,"5,000,106,971,919","2,676,892,387,305","167,385,389,605","173,947,881,945",22.0,7.0,5021067627852.0,217534801999.0
LS,00105952,"10,763,512,000,000","6,492,184,000,000","160,438,000,000","351,981,000,000",68.0,3.0,10151760000000.0,303727000000.0
GS건설,00120030,"13,171,205,734,337","9,028,178,350,231","673,734,304,309","767,266,689,077",1587.0,1799.0,10416589201821.0,759268850595.0
삼성SDI,00126362,"19,852,096,448,004","7,191,751,252,868","564,642,231,368","462,176,462,269",377.0,154.0,10097426164132.0,923071632668.0
GS리테일,00140177,"7,054,847,638,519","4,504,006,759,724","199,839,393,215","238,835,955,920",8648.0,201.0,9006928792999.0,804329097136.0
오뚜기,00141529,"2,152,123,515,409","805,641,073,941","141,990,756,968","148,278,491,049",2955.0,37.0,2359651224603.0,179296559811.0
대덕,00109189,"1,201,854,194,852","162,147,974,872","82,207,273,055","46,436,523,985",159.0,624.0,,175118073604
호텔신라,00165680,"3,527,280,624,051","2,607,739,512,729","225,593,025,339","295,859,974,844",2070.0,519.0,5717306417234.0,403721480648.0
한미사이언스,00161426,"910,832,376,933","265,145,244,742","35,432,022,186","37,986,177,391",82.0,3.0,816618823610.0,13024009773.0
삼성전기,00126371,"8,674,248,229,943","3,244,151,344,435","690,600,376,779","733,968,842,460",1374.0,150.0,7455374957993.0,1021270230128
무림페이퍼,00136086,"2,158,547,899,783","1,470,638,050,723","7,931,279,002","68,821,695,215",455.0,20.0,1123726499677.0,78289361241.0
한샘,00161693,"1,202,637,976,603","589,338,707,132","74,458,578,229","55,771,809,993",2481.0,44.0,1698372284996.0,79444644445.0
무림P&P,00119007,"1,350,311,527,213","729,754,370,711","24,467,292,757","49,416,451,445",671.0,3.0,631256802480.0,52225558592.0
한화솔루션,00162461,"15,681,128,868,341","9,875,281,658,412","-217,444,962,744","378,325,667,351",1410.0,107.0,9457389997298.0,1206117680069.0
영원무역홀딩스,00140964,"3,789,427,813,762","1,213,687,376,031","302,093,308,203","298,988,113,176",33.0,4.0,2737959365703.0,282483205332.0
OCI,00148896,"4,811,211,712,000","2,125,488,240,000","-1,012,232,928,000","-180,605,008,000",1124.0,66.0,2605142204000.0,-39870245000.0
엘에스일렉트릭,00105855,"2,538,144,406,862","1,175,461,604,523","146,957,290,061","168,548,576,962",1427.0,125.0,2346848548538.0,216079620947.0
한솔피엔에스,00103626,"103,412,316,177","62,354,387,703","4,424,576,219","3,983,302,577",211.0,0.0,233891947960.0,16603868052.0
현대미포조선,00164609,"3,380,628,394,000","1,026,666,920,000","85,560,971,000","92,620,495,000",48.0,65.0,2994100904000.0,-72397272000.0
LG이노텍,00105961,"5,770,780,509,572","3,566,176,252,062","158,228,581,112","403,129,277,832",1521.0,1229.0,7975366478638.0,769041422028.0
롯데케미칼,00165413,"20,043,105,157,128","5,989,974,765,604","1,248,554,844,383","1,107,258,909,223",385.0,81.0,15123477947655.0,1277869267059.0
HMM,00164645,"7,160,187,000,000","6,069,878,000,000","-586,717,000,000","-299,695,000,000",1339.0,86.0,5513089000000.0,399331000000.0
현대위아,00106623,"6,774,339,000,000","3,682,530,000,000","49,477,000,000","101,934,000,000",1995.0,14.0,7314626000000.0,444220000000.0
현대코퍼레이션,00164812,"1,444,593,616,368","1,102,839,093,591","16,746,957,439","43,519,777,199",223.0,20.0,4263355273255.0,140578866247.0
SKC,00139889,"3,972,988,752,154","2,246,614,915,284","73,343,367,719","155,080,809,640",119.0,26.0,2361068172429.0,40533569102.0
현대모비스,00164788,"46,606,064,000,000","14,196,442,000,000","3,214,294,000,000","2,359,257,000,000",925.0,365.0,38048768000000.0,2644058000000.0
한화에어로스페이스,00126566,"8,708,410,720,271","5,853,055,428,024","156,288,937,388","165,225,934,743",111.0,9.0,5264114375095.0,715142993168.0
에스원,00158501,"1,794,959,719,010","467,353,241,485","192,454,009,860","196,822,006,653",495.0,272.0,2151521516402.0,279831501105.0
한솔케미칼,00140955,"939,194,150,931","418,640,472,803","118,067,293,512","111,415,756,439",456.0,41.0,544307363674.0,101596803399.0
SK텔레콤,00159023,"44,611,620,000,000","21,788,084,000,000","1,162,655,000,000","1,109,980,000,000",837.0,246.0,15416431000000.0,4034984000000.0
현대엘리베이터,00164724,"2,547,731,188,376","1,599,552,353,773","88,862,767,849","136,203,383,746",180.0,251.0,1872538463037.0,110123640819
애경산업,00139454,"451,543,473,916","113,045,743,515","55,852,361,408","60,601,371,864",827.0,107.0,701336794362.0,32416840462.0
삼성에스디에스,00126186,"9,021,235,882,454","2,296,078,793,954","1,036,287,769,460","990,089,397,088",5609.0,122.0,10719631804166.0,893786644757.0
SK가스,00144164,"4,082,417,323,183","2,421,595,551,264","163,222,692,846","189,578,351,922",431.0,36.0,4931073628033.0,307699873378.0
한섬,00188089,"1,323,644,544,934","278,090,262,447","113,509,240,143","106,549,798,864",424.0,32.0,1259801685199.0,136406347301.0
코웨이,00170558,"2,854,954,793,880","1,777,759,209,346","451,418,558,222","458,275,463,578",4733.0,255.0,3018912502707.0,539259580627.0
롯데쇼핑,00120526,"33,972,615,751,676","22,181,607,402,723","-1,133,812,036,195","427,910,873,611",25052.0,246.0,17622000488403.0,1636785011643.0
한솔홈데코,00203582,"295,749,540,222","141,583,076,109","-4,682,104,474","-1,665,604,017",259.0,0.0,263886366616.0,2435510664.0
BGF,00219097,"1,657,381,460,248","129,126,735,585","26,690,490,888","29,385,396,571",107.0,6.0,133387713837.0,13834576609.0
삼성엔지니어링,00126308,"4,565,711,799,514","3,270,525,561,644","437,779,765,527","422,717,496,667",4120.0,1176.0,6392058453386.0,784124248896.0
삼성물산,00149655,"45,905,516,600,415","19,213,420,293,061","1,526,561,917,249","866,770,072,122",3942.0,2124.0,30761501059039.0,770849628968.0
신세계인터내셔날,00234412,"1,128,879,552,270","529,582,127,395","100,426,329,420","84,491,939,395",312.0,10.0,1425001391547.0,102976317434.0
신세계푸드,00274933,"733,262,621,980","418,161,657,965","4,566,868,121","22,160,381,500",4628.0,119.0,1320103297180.0,28755341246.0
LG유플러스,00231363,"17,941,050,000,000","10,591,434,000,000","573,940,000,000","686,244,000,000",9560.0,1141.0,12381969000000.0,2252600000000.0
케이티앤지,00244455,"10,752,439,455,974","2,012,853,967,690","1,460,243,354,686","1,379,590,577,939",425.0,249.0,4807659316805.0,1042489387291.0
강원랜드,00255619,"4,438,119,305,668","720,360,229,425","488,924,924,588","501,153,152,199",2397.0,1467.0,1520080448803.0,407868874433.0
카카오,00258801,"8,737,255,755,774","2,997,138,004,486","-234,256,905,702","206,786,221,786",2534.0,167.0,1513471072651,752667420203.0
엔씨소프트,00261443,"3,346,377,400,385","834,211,969,584","496,153,574,499","478,992,418,793",1822.0,232.0,1701185422583.0,392249235729.0
팜스코,00260408,"979,237,806,149","679,266,898,196","-3,395,638,486","20,207,651,634",394.0,3.0,1164970052153.0,14111415668.0
광주신세계,00220561,"752,423,111,011","91,233,250,480","64,282,339,246","55,102,644,644",174.0,0.0,"154,880000000","74,340,570,134"
KSS해운,00160232,"957,238,168,720","676,238,454,283","23,713,572,228","52,771,937,110",335.0,2.0,231240042004.0,83335037686.0
대우건설,00124540,"9,697,696,817,049","7,209,447,915,772","307,274,974,856","364,061,074,652",3782.0,1603.0,8651852221280.0,-309745995196.0
한국항공우주,00309503,"4,367,135,608,525","3,183,974,946,284","129,453,229,751","275,564,427,840",298.0,23.0,3110157574663.0,354538677109.0
LG생활건강,00356370,"6,493,669,662,971","2,256,581,997,835","1,092,081,190,103","1,176,411,246,904",2960.0,196.0,7685424230297.0,1139641474935.0
케이티스카이라이프,00349097,"848,276,023,038","142,838,692,816","76,805,905,505","69,357,292,753",356.0,0.0,658297000000,152548955427.0
한미글로벌,00413523,"203,595,485,663","79,469,842,617","26,834,547,119","24,407,031,088",549.0,197.0,294657921603.0,22288990733.0
현대홈쇼핑,00412597,"2,503,844,833,978","774,839,980,801","125,740,946,152","130,344,227,510",964.0,15.0,2057653947012.0,32443454530.0
KTcs,00372882,"378,104,045,980","213,983,162,684","9,923,248,682","11,346,695,683",254.0,583.0,944861712920.0,25007703663.0
KTis,00372873,"311,822,912,174","143,550,654,554","12,652,329,536","13,757,325,441",235.0,1001.0,"451,026,612,732","36,631,752,142"
현대로템,00302926,"4,084,281,234,000","3,201,401,072,000","-349,363,820,000","-279,932,221,000",1693.0,174.0,2459346162000.0,-200921636000.0
LG전자,00401731,"44,859,875,000,000","28,434,737,000,000","528,638,000,000","2,436,139,000,000",2973.0,1336.0,56435703000000.0,3689164000000.0
SK렌터카,00201450,"1,645,170,543,768","1,300,430,900,769","22,886,914,761","41,540,309,044",363.0,2.0,640883398984.0,-54939756666.0
현대백화점,00428251,"7,623,094,297,000","2,643,807,874,000","338,613,481,000","292,244,731,000",2870.0,0.0,2198949660000.0,377485321000.0
지역난방공사,00159698,"5,892,614,209,982","4,363,220,622,032","-25,252,064,346","42,213,059,502",643.0,3.0,2367906314930.0,188783020789.0
롯데하이마트,00158307,"3,107,565,420,859","1,185,665,778,098","-83,912,679,581","109,857,236,241",1310.0,65.0,"4,026,464000000","130,356,270,596"
GS,00500254,"24,739,276,000,000","13,739,728,000,000","1,773,607,000,000","2,033,142,000,000",29.0,2.0,17786063000000.0,1586413000000.0
CJ CGV,00303873,"4,524,046,865,181","3,922,936,967,719","-228,568,236,081","121,975,391,246",5058.0,919.0,1942279329129.0,283339456559.0
현대리바트,00300548,"752,808,371,990","294,855,425,403","25,582,920,238","23,882,506,358",711.0,33.0,1237572970655.0,95644957197.0
LIG넥스원,00503668,"2,317,491,215,306","1,683,516,817,394","13,756,582,991","18,106,724,003",1721.0,71.0,1452651352252.0,151004955851.0
휴비스,00362238,"877,170,812,678","481,045,043,591","1,561,198,512","4,867,302,957",868.0,25.0,1029346443478.0,-11654225351.0
휠라홀딩스,00195229,"3,770,249,128,461","1,969,305,510,636","471,255,031,995","470,676,492,646",274.0,16.0,3450421529936.0,319138143799.0
HSD엔진,00361008,"830,139,139,349","641,618,851,202","-45,746,508,178","-21,837,810,975",781.0,14.0,674278133124.0,-64742927585.0
대상홀딩스,00539274,"2,896,302,561,947","1,686,999,742,086","171,630,167,653","155,474,040,686",28.0,0.0,3552513452934.0,198064095652.0
현대글로비스,00360595,"10,129,735,810,035","5,459,455,695,590","727,331,042,228","876,537,578,535",1303.0,89.0,18270050465618.0,740967235416
노루페인트,00583442,"627,342,505,016","304,973,893,909","26,710,227,497","29,162,610,260",737.0,0.0,647452120189.0,59239358995.0
아모레퍼시픽,00583424,"5,989,007,790,647","1,490,166,987,522","370,602,220,727","427,834,596,504",760.0,274.0,5580142192519.0,718300781333.0
CJ제일제당,00635134,"26,280,632,351,000","16,799,151,931,000","338,791,509,000","896,857,873,000",1203.0,91.0,22352462296000.0,2143095681000.0
LX하우시스,00759513,"2,565,579,000,000","1,649,601,000,000","13,781,000,000","68,777,000,000",1991.0,57.0,3186807000000.0,311322000000
코오롱인더,00795135,"5,293,102,915,762","3,166,766,472,588","83,435,013,944","172,947,721,846",1309.0,161.0,4407190443679.0,123431284866.0
한미약품,00828497,"1,913,706,257,532","1,091,444,832,633","83,269,648,586","103,877,846,130",647.0,144.0,1113649783994.0,12446620375.0
이마트,00872984,"21,094,758,779,809","10,888,018,088,222","282,102,598,156","150,652,508,829",25779.0,0.0,19062879818284.0,995700356699
삼양사,00896285,"2,388,160,000,000","1,093,690,000,000","67,836,000,000","81,564,000,000",1297.0,62.0,2096387000000.0,128593000000.0
동아에스티,00956930,"1,008,775,745,560","362,918,121,385","89,003,996,374","56,561,533,159",442.0,10.0,612310601834.0,56254296852.0
한진칼,00983040,"2,693,659,191,237","1,272,981,765,136","-263,521,197,098","-3,881,273,804",33.0,0.0,1203497716660.0,130644238017.0
종근당,00992871,"801,352,143,165","326,398,912,194","71,821,177,025","74,575,612,760",648.0,21.0,1079337661993.0,77290596977.0
코스맥스,01009789,"1,204,354,192,976","887,881,614,220","35,927,003,628","53,995,136,812",1017.0,5.0,1330652928971.0,74567223707.0
해성디에스,01032413,"326,587,242,970","118,049,126,102","21,861,458,998","27,024,997,834",751.0,324.0,381400317567.0,33520290708.0
서연이화,01036446,"1,820,541,997,328","1,198,937,515,754","-39,212,516,126","21,876,293,584",959.0,0.0,1976766424325.0,191598810084.0
삼성바이오로직스,00877059,"5,911,626,511,920","1,557,172,766,554","155,435,309,263","91,742,387,198",3431.0,234.0,701591859755.0,10153614976.0
SK디앤디,00508344,"1,396,932,626,675","1,035,507,874,191","59,309,005,725","82,257,926,441",210.0,23.0,454720099303.0,277141617353.0
한솔제지,01060744,"1,743,277,584,645","1,131,203,161,349","67,685,913,787","105,301,496,509",89.0,13.0,1679131140360.0,199444976776.0
이노션,00565154,"2,075,507,093,635","1,294,511,571,978","128,065,460,560","121,852,465,244",632.0,23.0,1274274037164.0,136368361849.0
일동제약,01168383,"612,722,852,883","359,831,340,007","-22,634,422,676","-1,372,527,630",1407.0,7.0,517467681605.0,41365649728.0
경동도시가스,01208885,"749,999,474,069","410,387,431,240","32,031,751,064","28,055,130,177",249.0,29.0,1422707835302.0,33973376114.0
오리온,01238169,"2,452,307,263,966","784,763,985,498","308,109,119,141","327,588,745,357",1569.0,29.0,2023296057252.0,347826332867.0
한화시스템,00339391,"2,409,244,539,695","1,440,803,950,676","82,171,539,441","85,761,981,610",489.0,96.0,1545983879623.0,408620564116.0
BGF리테일,01263022,"2,172,410,899,706","1,549,815,137,631","201,078,376,312","196,623,293,754",501.0,631.0,5946068219555.0,532814863392.0
SK케미칼,01267170,"2,131,709,150,029","1,413,002,857,170","22,848,674,533","80,337,817,855",1793.0,76.0,1112918780388.0,66589247914
롯데정보통신,01262032,"696,683,399,862","306,273,349,391","45,760,631,856","41,114,420,804",1553.0,98.0,845658644418.0,117432668159.0
효성화학,01316236,"2,063,516,498,234","1,608,808,058,312","110,013,760,907","153,887,309,275",1244.0,58.0,1812470395896.0,163249196133.0
효성티앤씨,01316227,"3,224,306,571,635","2,641,352,828,666","230,078,497,687","322,913,486,443",1585.0,360.0,5983144766137.0,349544530966.0
효성중공업,01316245,"4,000,830,147,806","3,010,332,682,377","55,920,494,116","130,252,420,646",1849.0,218.0,3781445371058.0,75200087039.0
효성첨단소재,01316254,"2,531,098,756,779","2,125,698,242,339","52,272,974,273","158,326,476,760",1008.0,30.0,3053616298735.0,127016740797.0
현대오토에버,00362441,"1,026,696,505,989","511,685,705,355","83,355,313,107","80,212,335,242",565.0,25.0,1571817874618.0,80202344907.0
하림지주,00148364,"8,615,722,154,016","5,166,235,938,778","133,832,622,988","306,510,648,996",58.0,2.0,7350259327184.0,434100886491.0
CJ ENM,00265324,"5,434,907,587,861","2,283,014,093,463","189,556,790,558","269,385,174,265",3660.0,20.0,3789723949697.0,743378557941.0
케이티알파,00260958,"278,789,081,138","74,768,524,146","4,853,552,531","10,709,042,311",511.0,145.0,"322,321000000","49,870,560,495"
현대에버다임,00228536,"280,365,328,171","90,466,819,514","3,414,187,683","3,064,876,498",383.0,17.0,248611599382.0,-2571703912.0
CJ프레시웨이,00127954,"1,181,663,153,051","892,529,739,271","16,292,238,030","58,075,352,319",1023.0,86.0,3055080973511.0,78647570575.0
현대바이오랜드,00347062,"209,051,967,983","53,328,418,498","12,994,621,589","14,460,451,717",308.0,2.0,106310862177.0,11353071855.0
에스티팜,00871833,"341,080,334,763","37,400,526,840","-24,972,817,902","-26,703,331,580",894.0,27.0,,
삼양홀딩스,00126937,"3,589,514,000,000","1,560,007,000,000","81,022,000,000","79,376,000,000",135.0,3.0,2488563000000.0,180274000000.0
하이트진로,00150244,"3,270,859,605,479","2,237,663,548,924","450,041,238","88,246,563,619",556.0,82.0,2035063966997.0,28251765918.0
유한양행,00145109,"2,117,200,258,200","467,208,886,676","54,919,633,069","12,535,759,291",416.0,29.0,1480353606936.0,65985413049.0
하이트진로홀딩스,00148993,"3,836,704,099,756","2,854,140,489,866","-4,207,822,985","100,944,135,301",15.0,0.0,"2,026,316000000","9,825,556,800"
삼화페인트공업,00129387,"560,640,699,578","278,473,245,224","6,341,483,166","11,248,669,648",871.0,52.0,540276699849.0,25778649228.0
대동,00109286,"816,997,551,816","596,185,581,952","5,774,695,541","24,519,412,614",855.0,68.0,834431432725.0,72909688564.0
가온전선,00104768,"512,573,535,099","255,845,320,372","6,058,216,670","7,118,670,092",414.0,16.0,830264391828.0,-13149691353.0
유수홀딩스,00163691,"521,957,790,172","193,360,416,885","-7,549,826,507","-7,814,058,317",19.0,0.0,14396000000,31550423699.0
동국제강,00114792,"5,439,008,436,653","3,493,909,750,521","-82,486,263,908","164,555,175,276",107.0,42.0,5658431459389.0,213476544046.0
GS글로벌,00138190,"1,205,244,855,027","825,321,063,730","-6,153,871,300","58,277,395,763",227.0,8.0,3889400298212.0,33213993612.0
종근당홀딩스,00149354,"1,074,739,604,962","334,674,173,711","98,114,483,307","86,159,910,151",26.0,0.0,720644043389.0,111279403519.0
DL건설,00128971,"851,719,906,629","393,877,294,304","131,899,423,256","142,966,582,933",459.0,84.0,"1,279,913000000","126,306,206,377"
아세아,00138701,"2,869,496,179,442","1,408,374,046,156","121,095,588,781","158,120,749,836",12.0,0.0,1542430973306.0,225459454971.0
도화엔지니어링,00114552,"408,972,323,161","156,395,392,101","22,596,591,517","27,069,213,016",215.0,383.0,516127676383.0,39114543034.0
고려제강,00103006,"2,353,652,421,041","871,783,823,083","18,328,610,455","31,651,436,724",809.0,48.0,1639715935474.0,81755681191.0
넥센타이어,00173874,"3,436,052,113,324","1,878,147,339,719","184,332,113,707","207,367,359,906",110.0,95.0,2022338188665.0,291461804784.0
케이씨씨,00105271,"9,382,221,503,013","4,928,994,646,675","-195,544,422,094","133,209,522,238",5058.0,144.0,2719563984151.0,274779646909.0
SUN&L,00132211,"543,553,941,107","326,752,710,109","-38,785,572,662","-18,748,459,293",342.0,12.0,455911726937.0,18603322619.0
세아제강지주,00124197,"2,448,548,032,007","1,096,201,014,407","47,254,141,683","63,138,665,327",23.0,0.0,2643906637146.0,92498656901.0
일신방직,00146269,"953,608,709,325","230,408,498,419","12,219,987,079","13,589,459,419",710.0,6.0,496199335849.0,29497606018.0
태광산업,00153393,"4,357,125,481,998","873,310,011,324","259,840,182,208","291,424,870,123",2560.0,58.0,2260720217155.0,371382601219.0
한일홀딩스,00162993,"3,300,043,274,787","1,557,596,072,126","84,544,522,884","83,622,939,392",21.0,1.0,1651806631552.0,125186695922.0
영진약품,00141149,"200,445,669,435","84,694,521,338","9,402,335,545","9,982,030,781",634.0,12.0,"220,516,292,415","9,282,594,812"
대한화섬,00113544,"609,361,575,519","75,955,910,236","20,392,775,190","4,878,136,333",159.0,2.0,"114,236000000","9,180,374,538"
남양유업,00107598,"1,056,364,684,667","144,126,147,430","38,950,084,503","417,350,470",2326.0,161.0,1030826756797.0,-11081572280.0
사조대림,00109718,"1,070,930,246,805","647,042,371,610","97,499,226,884","49,566,681,783",848.0,34.0,1329705655249.0,77311356062.0
한국석유공업,00157991,"292,834,924,073","154,120,763,935","-2,127,648,788","6,141,381,489",171.0,0.0,485386596735.0,21492996650.0
농심,00108241,"2,653,049,874,906","712,306,478,095","103,491,938,775","78,816,048,821",4969.0,214.0,2343942951727.0,162459540125.0
삼익THK,00127802,"392,601,234,738","204,252,383,669","4,047,530,031","7,452,808,487",600.0,2.0,"232,008,252,977","(6,994,426,523)"
서울식품공업,00130879,"75,967,414,642","51,005,015,992","-2,007,048,286","358,750,506",242.0,34.0,"62,148,305,706","4,504,335,682"
삼천리,00128555,"3,912,362,194,864","2,519,412,874,535","51,951,449,277","85,565,315,738",807.0,7.0,3461627492922.0,317059914452.0
DRB동일,00118266,"745,278,926,520","283,757,306,556","22,361,626,152","26,475,358,478",337.0,7.0,546994961176.0,41831904027.0
성신양회,00132804,"1,029,404,716,227","629,142,449,293","17,852,205,181","20,762,748,750",607.0,3.0,707435741353.0,59731179805.0
녹십자홀딩스,00108135,"2,773,868,507,077","1,267,272,303,306","-13,760,408,423","30,379,583,607",191.0,4.0,1493588620936.0,7650391894.0
SPC삼립,00125530,"1,196,293,065,818","873,555,341,998","22,043,734,790","46,977,693,390",2067.0,82.0,2499238195608.0,94659148434.0
넥센,00167192,"4,098,014,996,093","2,081,511,599,531","206,097,009,949","225,120,254,911",861.0,73.0,2291341653602.0,323292366289.0
에스엘,00125521,"2,273,626,562,455","894,908,500,877","81,894,961,674","43,601,604,146",495.0,449.0,2262212220833.0,-41020562716.0
삼성전자,00126380,"352,564,497,000,000","89,684,076,000,000","30,432,189,000,000","27,768,509,000,000",209210.0,1304.0,230400881000000.0,45382915000000.0
화승인더스트리,00166227,"1,270,683,673,581","817,269,739,411","99,982,949,929","113,566,671,728",30.0,0.0,1425876463309.0,92294021368.0
녹십자,00129679,"1,959,299,527,595","775,222,802,774","-6,141,514,775","40,254,540,052",458.0,32.0,1357117265367.0,40291382029.0
한일현대시멘트,00164672,"560,204,794,145","355,590,468,482","43,495,376,972","35,223,407,456",400.0,2.0,"384,113000000","40,865,514,951"
AK홀딩스,00125080,"4,327,964,555,085","2,898,025,666,994","80,906,524,116","131,336,891,859",19.0,1.0,3759542062510.0,274189797509.0
사조산업,00124799,"1,137,411,085,874","652,389,981,058","-16,248,171,027","18,235,242,972",313.0,306.0,735428242744.0,36530381306.0
이수페타시스,00107613,"416,712,435,733","340,687,564,484","-71,795,962,070","-23,957,646,315",892.0,11.0,514238394051.0,15468978780.0
F&F 홀딩스,00126487,"684,437,158,364","200,705,198,778","150,973,797,479","150,736,275,367",302.0,40.0,910336565120.0,161789415783.0
서연,00163114,"2,215,361,999,525","1,410,355,863,136","-48,219,844,715","33,214,660,913",23.0,1.0,2202639857985.0,223864085108.0
한솔로지스틱스,00140946,"166,754,678,756","119,699,483,929","8,491,878,888","9,519,510,274",328.0,25.0,460730203265.0,29306240188.0
태영건설,00153861,"5,916,135,643,476","4,344,689,189,810","234,282,193,519","391,222,215,957",946.0,479.0,2967115888637.0,35913747206.0
경동나비엔,00101488,"609,808,342,818","308,765,718,718","48,373,382,599","44,824,995,058",968.0,199.0,774290704230.0,78554867532.0
삼성중공업,00126478,"13,600,084,435,896","8,351,155,863,402","-1,139,245,938,287","-616,585,523,278",376.0,259.0,7349656035614.0,-681209310561.0
화신,00166315,"808,403,060,806","508,676,302,440","228,658,883","1,942,106,126",862.0,30.0,1164322416812.0,81767376883.0
아이에스동서,00115977,"2,883,776,426,203","1,610,218,287,783","65,460,151,749","66,240,705,036",1236.0,61.0,770583838520.0,-68952027997.0
금호석유화학,00106368,"4,538,042,397,798","1,908,470,889,402","379,320,897,375","367,758,876,376",1252.0,87.0,4961472533742.0,557680550905.0
계양전기,00102618,"281,736,766,096","103,813,136,493","-4,236,416,879","2,348,037,078",743.0,6.0,375025411691.0,-2662074432.0
경동인베스트,00143527,"605,467,383,487","190,933,745,534","14,709,698,945","21,959,505,508",11.0,1.0,271747673450.0,32390709976.0
HDC,00164636,"4,208,951,127,647","1,857,740,750,416","307,736,513,111","128,121,494,512",18.0,0.0,1616692249290.0,170017140133.0
화승코퍼레이션,00166272,"1,211,566,446,637","949,302,981,703","37,327,153,647","64,967,712,304",973.0,29.0,1551955000000,99657668245.0
유니드,00159786,"1,076,285,813,831","367,476,915,131","87,570,043,802","84,757,896,965",868.0,26.0,875163630213.0,72484062136.0
예스코홀딩스,00105101,"1,544,289,720,044","935,303,805,905","29,108,055,730","22,143,229,079",10.0,0.0,1108191971000.0,98649093000.0
한국전력공사,00159193,"197,597,792,000,000","128,708,143,000,000","-3,265,838,000,000","-1,276,521,000,000",22979.0,158.0,59172890000000.0,8213428000000.0
서울도시가스,00130684,"1,583,402,074,863","615,585,177,036","35,976,047,522","10,457,973,561",496.0,19.0,1361002172120.0,211384945797.0
E1,00165583,"3,594,979,133,031","2,391,690,337,850","-4,940,877,063","106,309,924,596",262.0,17.0,4608269823064.0,54693465173.0
한국카본,00159795,"397,589,485,374","84,870,941,179","23,830,630,518","25,286,667,254",462.0,5.0,273402502535.0,-421619853.0
한온시스템,00161125,"7,082,369,012,654","4,744,866,815,510","407,257,686,976","483,810,436,699",63.0,157.0,7154152588581.0,778376703324.0
세아특수강,00133991,"573,172,966,399","245,777,812,488","14,895,381,197","19,471,042,074",279.0,8.0,717472560442.0,14085862061.0
대교,00108913,"919,873,574,796","306,647,026,396","25,192,750,973","29,395,530,613",1202.0,126.0,761938685823.0,75143252984.0
다우기술,00176914,"24,741,606,799,542","22,077,381,030,365","533,415,674,420","507,538,852,790",476.0,16.0,2901833125630.0,-2947197122174.0
한국콜마홀딩스,00203290,"1,095,090,642,159","491,312,220,825","90,584,792,662","101,154,933,758",74.0,0.0,499538615091.0,84102124993.0
팬오션,00122737,"4,454,177,000,000","1,554,646,000,000","148,265,000,000","210,019,000,000",717.0,284.0,2467891000000.0,404778000000.0
제일기획,00148276,"2,252,767,351,901","1,295,951,762,449","209,814,354,719","205,813,034,039",1373.0,27.0,3421672988229.0,200015098571.0
LG디스플레이,00105873,"35,574,563,000,000","23,086,282,000,000","-3,344,242,000,000","-1,359,382,000,000",26632.0,33.0,23475567000000.0,2706545000000.0
신세계건설,00217947,"777,742,155,728","580,161,084,784","22,052,357,123","24,238,315,742",570.0,173.0,"1,016,154000000","60,218,373,918"
NICE,00158316,"2,564,827,369,380","1,341,206,286,771","170,680,597,258","154,235,019,502",35.0,13.0,44670000000,261018831585.0
신세계I&C,00219486,"289,754,542,752","90,518,810,712","15,105,163,109","18,494,389,551",859.0,8.0,"456,040000000","(2,353,743,258)"
한국가스공사,00261285,"39,311,854,557,705","31,165,333,774,702","116,376,011,165","1,334,514,162,004",1512.0,5.0,24982639514904.0,1985840004108.0
SNT홀딩스,00225159,"2,236,679,025,435","610,745,978,474","146,019,478,152","126,277,061,201",10.0,0.0,1512114564701.0,89185851418.0
LG헬로비전,00222532,"1,790,671,377,931","839,364,024,702","-90,967,861,340","29,249,461,527",1168.0,6.0,1112180458963.0,250434425417.0
코스맥스비티아이,00219574,"892,716,238,226","536,726,136,520","-10,205,401,839","-7,332,326,290",159.0,0.0,468352868367.0,-5674823562.0
동원F&B,00340917,"1,573,514,559,381","892,304,611,197","87,045,387,974","101,405,342,073",3201.0,70.0,3030257743369.0,134244814656.0
LG화학,00356361,"34,024,426,000,000","16,640,637,000,000","560,560,000,000","895,648,000,000",2811.0,189.0,27331968000000.0,3121101000000.0
한전기술,00159209,"735,206,870,620","242,994,111,188","34,270,574,938","44,068,928,795",267.0,131.0,448634709421.0,27080820732.0
테이팩스,00256955,"145,029,438,741","44,310,890,097","9,794,541,583","8,277,998,571",460.0,2.0,112605437067.0,13121992919.0
세아홀딩스,00377610,"5,456,657,504,692","2,424,279,025,081","64,845,829,801","89,528,018,488",57.0,7.0,4930662596032.0,365831965025.0
종근당바이오,00390055,"233,347,513,272","74,884,900,785","15,638,314,299","15,412,573,679",421.0,0.0,137184188552.0,16990277030.0
셀트리온,00413046,"3,859,646,629,058","986,733,418,125","382,031,278,440","381,532,472,575",2019.0,92.0,1128459877886.0,473993887712.0
농심홀딩스,00459871,"1,216,468,898,815","294,369,752,516","39,581,796,732","41,256,827,201",5.0,0.0,536687271955.0,18380420176.0
금호타이어,00481454,"3,929,463,543,364","2,636,829,376,191","-39,030,631,957","57,395,517,440",221.0,52.0,2369198863879.0,146511450085.0
STX엔진,00480455,"828,375,000,000","590,910,000,000","14,210,000,000","30,041,000,000",875.0,27.0,610608000000.0,72910000000.0
에이블씨엔씨,00400857,"433,270,431,730","176,899,982,158","-11,388,947,703","1,834,111,614",365.0,12.0,422205555168.0,5149714862.0
HDC현대EP,00357935,"547,277,769,174","263,822,644,634","24,326,225,826","34,065,370,336",376.0,12.0,835108420965.0,107258972751.0
제주항공,00555874,"1,467,507,641,351","1,142,388,633,460","-47,474,426,202","-32,889,587,459",2556.0,750.0,1383976261743.0,83897396504.0
후성,00595191,"528,907,906,027","285,964,095,747","3,915,073,437","13,436,224,564",363.0,3.0,248943837512.0,31765265445.0
효성 ITX,00414850,"159,341,636,763","107,614,359,480","13,860,995,721","13,026,206,983",278.0,191.0,388240100339.0,18184660877.0
웅진씽크빅,00628189,"2,462,969,353,926","1,981,766,140,153","-180,773,975,053","21,653,560,926",312.0,507.0,652236815803.0,51724317470.0
동성케미컬,00679314,"850,518,403,080","432,089,341,542","35,266,736,718","51,825,732,386",352.0,13.0,825125816265.0,45562485979.0
풍산,00684714,"2,562,507,866,141","1,178,693,551,157","26,347,560,870","41,142,663,278",194.0,167.0,2451305535330.0,201663596226
영원무역,00776820,"3,104,545,848,395","1,135,550,954,689","233,647,471,354","237,561,338,287",260.0,28.0,2388266483185.0,231753126141.0
GKL,00557508,"909,430,532,036","324,258,159,715","95,714,531,603","96,802,634,482",821.0,9.0,490752464360.0,117589908519.0
한전산업,00194947,"188,945,221,420","103,112,807,103","24,873,050,439","21,544,186,729",238.0,470.0,289566644499.0,10724968421.0
선진,00855093,"983,329,180,416","652,036,555,841","32,521,654,539","40,117,084,694",353.0,13.0,1014048908009.0,15747435097.0
코오롱플라스틱,00241005,"338,684,831,650","141,051,096,811","7,276,494,351","10,306,154,621",317.0,4.0,330284776004.0,-2255262616.0
한국타이어앤테크놀로지,00937324,"10,164,607,903,070","2,977,390,789,500","589,883,709,488","543,964,831,621",287.0,38.0,6883268577435.0,760347394662.0
한국콜마,00939331,"2,400,309,459,227","1,552,436,552,292","63,410,734,264","117,810,046,389",1217.0,0.0,1378886357566.0,164842538883.0
동일고무벨트,00939687,"281,409,709,035","87,921,303,844","13,318,230,613","14,446,980,316",540.0,9.0,261909973472.0,10271704680.0
엔에이치엔,00983271,"2,500,321,248,630","671,619,273,162","65,542,485,782","86,677,182,906",927.0,20.0,1488596660564.0,107684973078.0
아세아시멘트,00990165,"1,915,960,050,672","1,109,991,859,034","36,925,934,419","80,843,087,437",475.0,5.0,836810452048.0,109461591627.0
경보제약,00101664,"237,816,741,516","88,653,237,210","6,982,153,648","6,194,072,642",494.0,0.0,"191,706000000","23,668,110,955"
잇츠한불,00911955,"539,412,881,125","63,711,144,716","15,580,253,506","10,931,674,115",226.0,0.0,202551772923.0,19791190218.0
현대코퍼레이션홀딩스,01108099,"241,419,346,296","61,945,263,683","13,758,331,524","9,283,405,926",68.0,5.0,183922452917.0,-763608074.0
두산밥캣,01032486,"6,704,236,324,000","2,725,170,048,000","404,889,256,000","477,014,894,000",82.0,0.0,4509550099000.0,485692857000.0
화승엔터프라이즈,01128613,"978,863,217,935","611,401,224,702","78,092,218,893","85,444,433,017",7.0,0.0,1201591250778.0,69312698890.0
넷마블,00904672,"5,806,087,951,025","1,157,746,996,133","218,400,521,973","202,652,419,951",777.0,25.0,2178677560442.0,381252820138.0
진에어,00653024,"704,417,547,512","512,670,006,857","-68,752,562,657","-48,827,477,908",1525.0,414.0,"910,158000000","64,553,543,845"
삼양패키징,01060814,"563,858,000,000","277,638,000,000","36,037,000,000","41,583,000,000",470.0,6.0,"375,442000000","61,793000000"
한일시멘트,01319808,"1,383,564,299,938","496,505,082,339","54,443,224,737","58,950,272,407",608.0,7.0,946190601817.0,120132623421.0
세아제강,01325979,"1,028,798,817,353","457,600,803,895","43,360,466,145","45,911,982,263",657.0,17.0,"1,227,180000000","65,871,438,866"
동진쎄미켐,00118804,"840,710,797,540","480,348,778,356","88,079,477,778","104,867,455,148",109.0,14.0,875254175031.0,108747151160.0
NICE평가정보,00158325,"319,082,830,527","94,901,758,099","53,661,391,849","51,340,882,668",428.0,189.0,410914933674.0,61592317240.0
주성엔지니어링,00252135,"450,012,280,142","202,194,817,570","29,826,820,478","30,944,903,614",448.0,2.0,254580906403.0,57318977262.0
지니뮤직,00223762,"233,880,648,315","81,194,526,967","9,372,333,932","8,127,067,802",231.0,25.0,230468779379.0,2915565577.0
서울반도체,00130763,"1,322,136,396,170","576,440,639,170","47,711,221,678","49,538,699,124",782.0,110.0,1129902381988.0,169486896717.0
안랩,00298270,"260,216,803,980","54,544,804,712","21,775,016,706","18,423,512,896",1176.0,11.0,166992214318.0,22671529654.0
에스에프에이,00358271,"1,805,907,173,232","693,841,814,842","196,947,278,051","214,205,321,717",1256.0,102.0,1577746350496.0,7695483814.0
엘앤에프,00398701,"416,201,278,724","284,380,746,162","-10,711,210,408","-7,662,576,802",576.0,0.0,313264234672.0,-25334745006.0
아이티엠반도체,00579980,"430,519,931,206","164,155,697,163","52,109,539,822","53,501,442,683",255.0,0.0,397697086094.0,41333846849.0
에코프로,00536541,"927,834,885,423","480,853,915,260","24,821,211,188","47,805,818,924",260.0,18.0,702272500906.0,-14998465323.0
나스미디어,00486097,"356,236,026,063","203,104,629,604","31,563,220,953","30,558,603,138",347.0,4.0,117006837851.0,32417352185.0
비에이치,00447609,"477,943,795,573","198,485,725,797","66,531,547,764","62,568,027,030",1255.0,180.0,654853721434.0,70745078542.0
셀트리온헬스케어,00554024,"2,848,904,874,116","1,183,011,066,877","75,362,166,247","82,793,144,838",109.0,7.0,1100877966455.0,-163839197088.0
고영,00579999,"305,481,183,830","61,812,656,261","37,995,631,675","33,331,312,300",441.0,32.0,222057035472.0,29168421873.0
LX세미콘,00525934,"629,733,290,317","157,526,494,823","46,887,584,155","47,254,627,681",990.0,18.0,867122049614.0,20694847797.0
하림,00857727,"768,027,563,706","513,207,511,388","-49,558,364,001","-43,423,258,236",1241.0,14.0,805855041435.0,-8270022775.0
케어젠,00549891,"231,847,040,571","14,970,961,506","38,920,988,712","35,375,014,087",154.0,17.0,64698623362.0,69659446950.0
원익IPS,01135941,"899,161,666,256","332,607,530,256","43,461,147,899","41,116,029,608",119.0,24.0,669241556900.0,-16203162265.0
매일유업,01234507,"675,195,953,258","271,561,494,860","85,156,782,895","85,294,893,142",2037.0,117.0,1393256526261.0,92368366812.0
동화약품,00119195,"376,028,553,041","75,153,958,643","16,607,867,985","9,917,746,256",728.0,10.0,307150025786.0,13284966205.0
유유제약,00144818,"137,718,626,620","47,173,960,036","6,600,267,991","8,074,727,045",305.0,0.0,90877644152.0,13185371371.0
대원강업,00111847,"1,047,989,108,475","460,690,033,819","33,000,933,325","26,938,915,914",863.0,16.0,960215102441.0,6162416971.0
조선내화,00148984,"1,069,059,371,954","365,726,925,104","41,064,190,776","21,328,774,779",562.0,71.0,757153217374.0,80043080919.0
삼일제약,00128032,"183,874,717,250","121,602,281,627","1,455,605,177","4,822,839,404",424.0,7.0,121107085914.0,10590303278.0
CS홀딩스,00149026,"314,291,512,839","28,138,799,708","20,410,269,221","17,025,221,715",4.0,0.0,134971514129.0,19701066944.0
천일고속,00151395,"80,044,782,325","29,041,015,484","825,257,190","560,732,152",379.0,42.0,"59,633,084,814","6,039,371,256"
화천기공,00166519,"374,944,125,540","78,284,214,798","9,869,691,742",0,321.0,15.0,206476470990.0,17816294774.0
강남제비스코,00100939,"672,270,312,827","111,090,443,243","22,363,885,503","-1,964,061,687",628.0,61.0,332539412854.0,11189248224.0
유니온,00144252,"325,173,584,878","182,382,635,448","-15,842,131,641","10,890,229,359",231.0,0.0,210085514391.0,16251866425.0
페이퍼코리아,00134723,"627,860,658,796","614,819,433,493","-29,220,812,027","-1,298,140,094",155.0,0.0,,
JW중외제약,00149947,"573,207,865,158","343,116,046,194","-34,335,181,848","-19,013,830,488",1159.0,64.0,511335342733.0,55531084789.0
대한제분,00113243,"1,005,108,274,460","245,259,980,306","25,514,184,242","23,483,614,049",334.0,13.0,933866093002.0,3331984425.0
금호전기,00106395,"73,092,108,652","56,239,928,874","-22,190,573,355","-4,175,808,753",139.0,4.0,59215256722.0,-8548858765.0
백광산업,00122472,"328,845,192,767","161,499,167,766","16,689,030,059","21,205,476,805",142.0,6.0,168389466315.0,30524834194.0
BYC,00122579,"693,882,852,856","259,555,399,205","41,765,310,036","23,393,686,890",610.0,52.0,170589026967.0,18715998757.0
대한제당,00113234,"1,143,146,276,000","678,824,911,000","17,743,075,000","29,481,279,000",480.0,27.0,1204394671000.0,8509710000.0
KISCO홀딩스,00159740,"1,557,313,864,152","229,757,769,791","83,743,480,365","57,567,232,117",17.0,0.0,1182987793632.0,67437688742.0
코오롱,00152862,"3,618,574,586,543","2,896,670,991,085","-7,597,433,317","124,522,671,890",76.0,0.0,4284394176444.0,158407291814.0
경농,00101433,"370,874,090,990","168,988,818,766","7,388,040,083","8,690,743,324",335.0,27.0,227510941149.0,-1020170950.0
삼양통상,00127042,"371,695,422,735","42,948,126,220","59,356,459,226","49,436,640,106",265.0,0.0,192107452643.0,52179026971.0
한국수출포장공업,00158112,"308,084,432,270","60,316,495,628","19,444,465,173","19,270,972,723",408.0,0.0,271561778700.0,32220359440.0
아세아제지,00138729,"848,228,967,713","263,353,496,904","77,620,146,945","71,117,330,003",248.0,8.0,697656463462.0,110361395302.0
SH에너지화학,00136457,"123,415,831,892","24,415,856,130","-3,303,960,898","-3,131,128,161",158.0,0.0,140852574629.0,16081689643.0
화성산업,00174527,"612,625,098,488","241,628,151,279","17,623,444,858","29,623,444,036",267.0,52.0,451385955934.0,45335077350.0
제일파마홀딩스,00148443,"846,474,533,629","363,437,471,107","-82,599,664,174","9,006,806,261",40.0,0.0,731804976115.0,25215757600.0
TCC스틸,00117300,"314,210,087,320","197,366,952,812","10,751,593,368","12,856,170,183",275.0,0.0,437173901826.0,-6746810229.0
국제약품,00104722,"134,593,614,097","73,639,660,970","121,440,939","5,570,756,961",398.0,19.0,111121601008.0,3603683416.0
삼영무역,00127167,"510,941,658,433","113,357,856,545","42,552,812,063","9,196,085,718",66.0,2.0,274243608436.0,8165760894.0
한국쉘석유,00158149,"141,114,506,335","43,195,103,685","27,350,053,904","25,674,570,820",109.0,5.0,"211,845,124,856","25,809,950,296"
혜인,00165343,"218,339,706,970","122,794,997,815","7,737,655,592","11,803,676,728",296.0,3.0,"260,858000000","26,644,602,823"
코오롱글로벌,00152880,"2,205,364,574,512","1,750,352,151,584","47,682,124,454","125,551,953,688",1221.0,760.0,3484145937699.0,139341027528.0
성보화학,00132725,"172,441,359,723","25,812,627,236","-4,015,707,190","-4,353,008,993",152.0,2.0,41863997583.0,-3699046995.0
대웅,00111810,"1,668,172,836,674","641,926,245,953","81,287,462,503","107,543,717,917",282.0,5.0,49225000000,136620193226.0
디아이,00118275,"214,826,209,392","74,417,887,844","907,223,349","-6,535,241,328",193.0,0.0,109539464715.0,-13009196025.0
대원제약,00111999,"327,532,232,677","123,315,892,514","35,372,240,066","35,107,129,523",972.0,33.0,317827566516.0,30970630742.0
한진중공업홀딩스,00163673,"1,860,663,000,000","1,500,188,000,000","32,683,000,000","38,422,000,000",7.0,1.0,877642000000.0,67014000000.0
현대약품,00164706,"146,414,918,033","62,990,580,318","1,523,047,122","2,042,902,004",394.0,4.0,"134,650000000","5,713,714,111"
세방,00133812,"1,107,634,793,449","289,133,240,221","7,009,631,344","16,142,572,001",663.0,54.0,723284021805.0,51331664792.0
삼일씨엔에스,00109806,"337,219,744,327","58,448,022,569","3,122,226,247","3,576,912,928",205.0,22.0,195508527572.0,11676401354.0
삼화왕관,00129235,"238,659,774,632","93,563,775,828","10,872,569,611","9,097,331,257",203.0,17.0,115980220052.0,16362935092.0
세방전지,00133858,"1,510,688,832,503","455,999,231,166","112,765,778,931","105,678,424,154",883.0,191.0,1139007566213.0,49764429894.0
깨끗한나라,00113492,"538,264,108,142","375,819,774,094","-15,979,892,507","5,148,279,067",515.0,21.0,594158566684.0,25519295228.0
동일산업,00172936,"404,853,414,806","51,048,566,546","5,225,276,762","-979,068,265",234.0,13.0,354691269674.0,23828459703.0
조광페인트,00148920,"312,545,228,445","139,810,538,180","-2,261,920,017","-364,184,530",448.0,36.0,203361939983.0,12308766057.0
코스모신소재,00129989,"264,756,490,424","113,691,884,328","-5,884,549,545","-3,620,826,252",288.0,2.0,"243,904,529000","29,181,674"
한창,00163716,"91,847,934,347","65,108,889,462","2,735,789,019","7,366,951,176",17.0,0.0,59613814689.0,10160070990.0
국동,00168331,"133,723,726,191","68,242,500,009","-4,630,097,783","-4,249,136,327",77.0,3.0,223077182701.0,3901005472.0
모나미,00121288,"181,549,399,377","106,020,401,164","-1,739,722,414","1,831,471,551",176.0,13.0,132038884296.0,2605259350.0
코스모화학,00160302,"517,011,539,183","285,774,553,899","-18,742,359,285","-5,222,743,459",181.0,2.0,406823039948.0,7761913163.0
한국공항,00156691,"464,725,240,306","141,690,618,625","21,348,374,373","22,038,425,771",432.0,444.0,518450813448.0,39562055237.0
삼진제약,00128412,"244,151,047,503","46,676,832,294","21,871,628,752","44,896,604,148",699.0,7.0,"241,926000000","23,633,082,799"
삼영전자공업,00127200,"502,682,602,784","18,289,510,604","11,371,917,406","4,637,105,880",553.0,22.0,200957322185.0,22485829021.0
파미셀,00145163,"63,265,982,550","11,746,852,559","2,443,128,284","1,963,584,726",119.0,1.0,"32,482000000","(75,498,878)"
크라운해태홀딩스,00153126,"1,238,166,154,288","778,259,311,904","-8,273,413,643","39,432,521,566",57.0,0.0,904466064444.0,98713175135.0
풍산홀딩스,00155531,"938,630,238,588","216,306,558,844","19,623,693,333","10,790,649,547",304.0,37.0,264414748503.0,-16558728934.0
원림,00143794,"163,100,686,590","46,766,811,509","5,862,946,785","4,181,832,494",80.0,0.0,79052711178.0,4660967568.0
휴니드테크놀러지스,00111421,"260,965,121,649","145,116,828,409","9,252,976,151","8,760,263,927",414.0,1.0,"194,668,692000","(12,513,547,781)"
대한해운,00113535,"3,340,874,141,977","2,445,671,729,223","89,364,586,057","128,783,605,822",422.0,0.0,1005657249125.0,351042097861.0
이수화학,00145552,"1,068,023,649,502","686,764,621,041","-5,272,282,424","9,430,779,805",388.0,25.0,1513706247699.0,-5554494492.0
동원산업,00118026,"2,986,045,255,327","1,907,582,869,064","74,859,985,096","193,575,195,385",1730.0,78.0,2682595084607.0,193237998737
삼아알미늄,00126779,"208,472,995,235","99,644,710,071","6,413,132,114","6,440,918,806",252.0,33.0,191124194318.0,9395811665.0
한국전자홀딩스,00159254,"389,933,341,083","147,646,969,359","-25,100,367,519","-12,104,565,637",19.0,0.0,217023309727.0,21998463158.0
대구백화점,00108977,"673,555,125,034","387,383,697,498","-18,864,741,879","-14,239,578,798",207.0,10.0,101484470607.0,-10514423902.0
카프로,00159810,"364,396,472,763","179,881,326,835","-62,310,386,213","-47,388,924,727",254.0,21.0,"440,234000000","25,306,241,394"
대한유화,00260383,"2,026,475,125,984","247,864,385,471","127,720,963,707","113,849,235,921",847.0,8.0,2074296474936.0,230340535760.0
영풍제지,00141404,"139,524,104,885","19,838,156,161","11,652,464,899","10,877,241,768",98.0,5.0,99673570313.0,7251245604.0
벽산,00122898,"462,713,986,754","171,172,716,309","-2,398,444,534","-3,811,389,985",328.0,7.0,433534084326.0,14898381743.0
한국특강,00124090,"313,533,368,557","246,071,396,778","-19,315,348,795","-8,231,424,670",378.0,4.0,"390,966,862","3,244,390,831"
샘표,00130091,"338,575,304,482","82,167,106,946","31,282,144,852","29,530,642,938",2.0,0.0,281023046262.0,41024120185.0
국도화학,00104388,"905,420,095,055","377,260,253,947","40,664,007,797","42,109,678,731",538.0,6.0,1121448682521.0,87933878829.0
코리아써키트,00152686,"478,120,049,110","87,628,191,590","7,827,461,377","13,862,521,166",528.0,0.0,543423598661.0,47211164274.0
태평양물산,00154329,"613,319,315,927","428,987,185,344","15,812,914,447","43,215,231,647",472.0,20.0,971638980129.0,-8694382590.0
사조동아원,00137252,"466,881,522,100","269,876,818,325","-510,548,628","12,454,479,690",315.0,4.0,412225993901.0,-4125558513.0
서흥,00131692,"708,861,042,205","379,866,417,065","44,883,007,362","47,404,022,867",840.0,0.0,460728389318.0,22115561779.0
율촌화학,00145260,"606,491,433,930","264,507,839,337","23,367,978,466","25,843,126,782",826.0,22.0,506617380665.0,39458633226.0
케이씨티시,00103042,"424,339,573,527","227,018,310,859","10,870,119,401","19,010,561,371",354.0,48.0,446166405761.0,31020897487.0
SIMPAC,00138260,"679,145,849,664","237,950,364,477","13,075,075,024","11,141,318,896",464.0,27.0,430085162178.0,37470315073.0
신원,00136864,"403,441,080,339","201,853,444,082","254,339,849","8,962,866,371",579.0,60.0,674868343977.0,30063553482.0
광동제약,00103592,"792,776,012,791","345,318,812,800","36,769,594,184","41,803,237,663",990.0,9.0,1238254695797.0,29285287574.0
참엔지니어링,00153621,"715,417,745,486","636,334,065,898","-15,354,090,511","-13,642,336,110",252.0,2.0,112514202149.0,-10621117577.0
한올바이오파마,00162586,"191,383,402,868","50,965,912,355","17,455,220,539","17,089,604,759",301.0,12.0,108452042397.0,20490918611.0
KC그린홀딩스,00159971,"816,143,779,044","521,778,676,607","21,405,872,223","21,512,406,420",16.0,0.0,698943000000,88445887171.0
모토닉,00151128,"440,900,555,804","32,950,954,575","14,513,674,629","9,695,919,016",277.0,1.0,207639235497.0,29902881260.0
한국내화,00160205,"209,255,063,529","68,784,713,068","6,463,785,510","8,985,231,656",613.0,0.0,222425584206.0,6191950812.0
고려아연,00102858,"7,840,561,221,499","1,002,169,326,090","872,402,194,153","805,328,836,892",51.0,57.0,6694810889702.0,692660279007.0
웰바이오텍,00141273,"119,823,955,761","44,187,469,537","-16,398,540,934","-11,394,841,518",37.0,0.0,52332959835.0,-7727487398.0
평화홀딩스,00155124,"502,912,078,919","378,866,933,606","-23,015,403,113","-3,569,607,618",90.0,0.0,581079856300.0,-4250110033.0
에넥스,00139764,"132,037,408,231","77,860,306,378","-3,380,033,268","-2,830,597,388",304.0,0.0,363611209749.0,-883020046.0
CJ씨푸드,00129013,"127,344,142,441","62,991,685,790","2,718,029,306","3,700,345,257",423.0,39.0,"149,169000000","7,282,740,903"
유니켐,00137207,"169,681,995,778","80,965,533,965","15,407,035,876","17,925,772,449",254.0,0.0,108791123335.0,5869890234.0
STX,00138297,"560,107,000,000","503,816,000,000","-32,919,000,000","1,748,000,000",109.0,7.0,1463714000000.0,528000000.0
신성이엔지,00136271,"416,614,706,743","294,438,376,092","7,484,664,689","9,718,870,516",527.0,5.0,402785317804.0,8904428533.0
DB,00163345,"363,158,130,330","152,166,922,511","9,716,889,655","18,493,009,586",330.0,56.0,238505592826.0,31005214654.0
영흥,00141477,"310,862,513,483","144,538,961,350","1,463,542,476","3,400,597,442",330.0,32.0,197495228558.0,-8682326971.0
더존비즈온,00172291,"727,012,780,633","364,007,766,867","66,412,118,692",0,1428.0,8.0,262663608429.0,61541702899.0
모나리자,00173102,"77,097,694,505","11,976,687,468","3,073,446,061","2,773,274,933",183.0,2.0,"117,954000000","7,829,594,747"
일성건설,00146232,"350,862,592,958","259,767,389,363","3,071,959,043","7,401,576,806",249.0,150.0,375818803491.0,-34795663666.0
디와이,00117179,"754,539,000,888","280,209,603,778","45,452,693,748","44,099,153,547",255.0,2.0,854259223706.0,79759173038.0
영보화학,00140779,"180,831,115,939","34,082,513,303","8,786,159,949","8,447,324,046",279.0,1.0,131196067839.0,4508819029.0
극동유화,00105156,"289,929,212,225","120,646,493,275","18,376,125,042","16,654,511,338",122.0,16.0,795562280829.0,2977964244.0
사조씨푸드,00124780,"348,095,569,511","143,844,479,694","-5,825,649,192","9,725,117,801",279.0,0.0,"348,873,298","34,640,039,073"
동원시스템즈,00132637,"1,154,599,033,765","580,838,139,577","62,585,270,000","75,188,119,622",786.0,33.0,1042352585053.0,122678613953.0
대창단조,00112679,"238,563,736,894","48,065,734,949","21,755,328,439","18,692,622,853",116.0,4.0,277253875767.0,44813340661.0
태경산업,00153339,"561,358,060,153","218,157,319,301","43,799,068,933","10,773,793,032",313.0,0.0,519562901248.0,59780168631.0
대현,00113614,"263,695,073,006","64,524,570,056","21,239,066,900","20,244,210,388",455.0,6.0,"299,583,978,271","8,947,827,892"
한세예스24홀딩스,00161976,"1,731,430,277,344","1,135,524,402,237","20,521,713,151","97,679,104,732",26.0,3.0,2736673074979.0,144915231409.0
환인제약,00166573,"304,884,814,600","30,423,659,607","28,222,475,641","26,164,673,759",461.0,27.0,159176971647.0,24730950626.0
대성홀딩스,00108940,"1,135,842,550,336","596,032,747,150","24,244,008,238","23,867,646,286",43.0,3.0,918567910220.0,56982732352.0
두올,00119672,"364,345,053,477","187,265,017,251","23,547,257,583","27,616,988,694",541.0,20.0,465931134864.0,21445742949.0
퍼시스,00161709,"481,827,215,370","37,914,525,977","45,722,812,933","25,123,307,584",205.0,3.0,"304,749,764000","23,569,552,353"
웅진,00143651,"2,911,024,479,663","2,636,630,182,676","-224,006,264,932","75,213,065,926",578.0,159.0,849992191140.0,38061316393.0
명문제약,00121039,"264,441,725,201","184,246,225,103","-19,183,991,086","-14,294,351,769",514.0,20.0,149346276617.0,-2940667017.0
우신시스템,00142883,"311,961,834,022","198,789,722,516","3,434,173,382","666,441,244",258.0,15.0,253392101853.0,-27571517622.0
광전자,00152729,"260,279,874,598","37,863,786,811","2,952,281,786","-1,452,777,949",845.0,29.0,166182499009.0,10048254629.0
조일알미늄,00149239,"289,296,274,077","175,845,827,113","-78,149,677,284","-12,173,398,241",375.0,26.0,"311,767000000","3,330,419,340"
신풍제약,00137359,"385,878,895,721","170,985,479,002","7,118,611,894","5,602,147,272",754.0,13.0,189721696062.0,19350539803.0
티에이치엔,00118965,"265,425,461,465","202,364,671,724","23,875,517,728","21,507,441,374",463.0,39.0,402190763744.0,15364574593.0
키다리스튜디오,00140131,"41,973,984,223","21,005,110,070","2,272,204,328","702,896,894",97.0,0.0,26737869784.0,775974287.0
일진디스플,00198697,"126,231,325,784","75,916,087,030","-30,421,054,316","-30,788,621,852",399.0,0.0,,
서원,00131197,"221,983,443,098","114,319,100,275","3,803,836,480","7,969,509,597",141.0,0.0,"208,159000000","1,135,161,341"
MH에탄올,00121534,"451,474,450,928","372,085,373,835","-5,455,051,940","7,829,102,971",45.0,2.0,80879342162.0,11368931341.0
한국종합기술,00159500,"275,869,879,094","180,342,219,484","-4,816,700,275","-2,095,018,981",938.0,326.0,"218,943000000","25,161,425,415"
대원화성,00112022,"130,497,955,372","51,069,775,611","6,754,060,838","8,267,609,050",197.0,0.0,133052794307.0,10582146678.0
에스제이엠홀딩스,00181943,"308,888,413,242","56,116,304,441","13,158,818,034","6,298,184,875",5.0,0.0,160751443923.0,21571733660.0
이구산업,00145464,"263,335,449,030","162,112,437,879","-4,170,508,640","647,536,927",105.0,52.0,"210,304000000","5,735,134,875"
남해화학,00107987,"581,138,671,065","147,178,509,592","22,018,798,783","15,330,702,542",461.0,33.0,1187201230766.0,45257804889.0
세하,00133706,"187,833,214,644","149,923,675,381","9,655,683,959","14,104,417,238",246.0,0.0,"177,654000000","14,555,816,363"
케이씨,00209780,"680,451,757,879","173,166,657,773","84,310,956,984","65,295,639,123",114.0,5.0,511909493322.0,31134355738.0
롯데관광개발,00231372,"566,146,122,619","267,765,416,652","-11,610,002,751","-16,155,230,797",476.0,2.0,88449397734.0,-23291651182.0
유나이티드,00158963,"331,243,655,541","76,144,663,553","38,534,032,875","34,479,474,273",873.0,0.0,"221,311000000","38,154,022,071"
세종공업,00134510,"996,027,850,575","614,829,951,634","-844,292,600","13,168,373,514",829.0,4.0,1221703004122.0,70937481153.0
무학,00121543,"624,618,561,534","109,716,160,236","33,876,589,292","-13,412,289,821",430.0,200.0,155776462921.0,-352933635.0
SBS,00130772,"1,247,762,887,743","600,644,858,646","27,361,678,699","12,579,354,049",1026.0,51.0,817664243542.0,-61044443944.0
상신브레이크,00129642,"452,252,699,743","275,371,400,402","12,822,939,109","15,695,395,410",650.0,7.0,391905865913.0,7350939286.0
유니온머티리얼,00369833,"174,875,888,546","88,749,616,859","3,649,233,053","3,645,893,015",303.0,2.0,106763717513.0,6590217581.0
우진플라임,00303217,"267,791,145,501","215,158,970,005","-12,108,995,568","-8,331,188,207",597.0,0.0,181802338349.0,14256743123.0
한전KPS,00159218,"1,359,433,324,644","296,015,246,267","198,506,584,026","193,939,463,944",531.0,258.0,1246949702480.0,160557174817.0
다스코,00353878,"214,713,941,787","91,396,221,126","3,219,392,784","3,062,710,914",221.0,29.0,216209627782.0,11027447903.0
SNT모티브,00398792,"1,038,905,998,088","302,937,030,444","102,349,323,369","89,214,778,793",751.0,15.0,976273915234.0,99309970616.0
대호에이엘,00428729,"80,920,215,763","54,555,866,170","-3,445,931,992","-949,745,088",160.0,0.0,117536747158,2030027160
하이스틸,00435312,"234,322,434,139","106,660,480,248","349,516,684","1,108,836,724",190.0,11.0,214251803457.0,-2424925469.0
코아스,00210856,"77,314,339,353","51,994,119,523","2,273,489,797","3,080,909,387",261.0,19.0,112874040576.0,4926442307.0
STX중공업,00406046,"447,548,959,282","317,544,514,598","-35,895,796,697","-10,695,548,571",465.0,17.0,253982739416.0,-13371473660.0
유니퀘스트,00414601,"349,702,333,313","135,266,546,967","19,104,603,645","6,862,123,694",172.0,0.0,335250952214.0,-24375054393.0
그린케미칼,00454946,"186,816,236,262","78,322,382,464","6,691,150,334","7,810,600,139",157.0,3.0,"231,874000000","22,132,359,583"
대한제강,00113225,"635,231,706,471","173,149,684,103","36,787,336,531","42,026,286,377",423.0,1.0,1021712425889.0,28714751103.0
동양고속,00540641,"186,827,240,388","54,625,753,371","41,370,961,506","9,971,145,760",765.0,26.0,140473417090.0,14993373529.0
티비에이치글로벌,00409672,"175,534,400,772","67,853,619,651","-79,057,698,329","4,432,296,041",309.0,15.0,"210,779000000","9,986,528,313"
평화산업,00573579,"194,159,753,902","160,686,188,136","-7,063,905,412","-2,308,168,681",756.0,46.0,353267056607.0,-25855511335.0
티웨이항공,00671376,"807,758,306,612","618,878,513,897","-57,188,150,747","-19,242,683,179",1951.0,336.0,810449906103.0,131060220998.0
KEC,00589127,"334,212,514,493","120,251,347,214","-19,726,091,295","-6,954,032,912",627.0,0.0,201729382347.0,17563716887.0
KPX홀딩스,00587466,"1,448,992,399,555","267,661,516,991","99,761,227,019","64,305,418,384",17.0,0.0,972702906470.0,90482621819.0
동양피스톤,00117726,"350,293,855,447","242,098,804,765","14,590,373,025","18,512,513,515",528.0,44.0,364751921572.0,26529757925.0
LF,00593032,"2,417,125,014,216","1,025,585,468,436","100,464,735,137","87,533,142,027",1052.0,34.0,1851716801127.0,151555551575.0
AJ네트웍스,00365387,"1,803,255,225,986","1,455,914,070,366","82,801,545,063","17,844,099,386",513.0,18.0,1000259401598.0,-37909433941.0
JW홀딩스,00632304,"1,243,461,898,934","891,844,380,375","-26,081,755,373","2,736,151,372",130.0,24.0,728081858608.0,98682527139.0
비상교육,00520887,"286,170,370,038","71,762,132,461","21,156,402,978","21,937,198,122",580.0,42.0,199386233396.0,26941940971.0
SNT에너지,00648721,"333,897,234,560","88,942,324,810","20,073,132,095","17,473,547,723",186.0,5.0,213326726381.0,-40064824091.0
해태제과식품,00428321,"756,850,481,301","512,734,563,496","-27,666,743,657","14,520,363,089",681.0,52.0,539271774166.0,67182696003.0
이연제약,00145598,"274,482,251,833","52,190,654,111","7,833,414,679","7,898,092,876",475.0,1.0,131557875304.0,-12183515749.0
한국철강,00687711,"873,216,580,016","148,280,031,086","24,983,246,687","12,213,089,857",514.0,0.0,"719,102000000","14,265,310,790"
한세실업,00728638,"1,179,455,696,933","724,452,009,761","-6,815,464,316","58,999,861,682",589.0,55.0,1614959136217.0,87931067863.0
우진,00173944,"199,870,388,998","67,143,964,186","-12,120,537,638","-1,965,171,304",115.0,3.0,88297185767.0,-923020501.0
컨버즈,00753643,"27,366,791,049","30,562,180,277","-16,943,279,291","-6,005,088,323",33.0,0.0,45782646404.0,-5274629548.0
씨에스윈드,00670340,"735,606,528,549","365,772,481,128","39,861,445,056","60,135,938,305",85.0,0.0,799390727329.0,85674844573.0
대성에너지,00787376,"697,193,345,995","390,716,664,324","17,649,149,841","24,284,418,148",403.0,7.0,774850380588.0,48371158275.0
아이마켓코리아,00360142,"1,096,877,066,115","670,348,308,072","42,120,317,441","52,038,830,520",399.0,43.0,2923787985987.0,105752970263.0
한국화장품,00823429,"81,307,960,199","46,114,503,703","-19,052,984,103","-17,394,170,012",58.0,1.0,131196339327.0,5351702410.0
에스제이엠,00815369,"220,444,686,043","45,446,252,745","11,447,511,038","6,452,868,937",337.0,0.0,157732122414.0,20114207708.0
인터지스,00151368,"419,994,906,279","239,819,989,486","-49,744,054,526","6,479,329,590",489.0,6.0,478169277019.0,20487726135.0
화인베스틸,00661847,"210,800,584,639","118,656,322,836","-7,560,697,273","-2,835,662,661",157.0,14.0,"134,799000000","12,074,305,494"
핸즈코퍼레이션,00119140,"851,081,160,313","526,810,418,216","9,689,141,049","18,687,638,800",1316.0,31.0,617668703909.0,39193099970.0
덴티움,00526599,"547,106,597,705","340,573,233,068","33,604,627,791","44,656,130,035",553.0,45.0,252587272923.0,-11642097629.0
DSR,00110608,"240,410,406,795","85,074,300,200","11,665,809,844","10,659,340,231",174.0,0.0,236324122853.0,13763610911.0
더블유게임즈,01010110,"1,074,710,470,364","427,556,203,565","138,041,810,164","154,608,044,453",244.0,4.0,513847000000,164430654773.0
쿠쿠홀딩스,00132354,"812,577,596,793","138,892,363,469","103,812,887,194","74,514,876,709",40.0,2.0,528311146326.0,39181017358.0
디와이파워,01059605,"262,634,138,872","95,587,850,998","25,644,779,864","25,944,220,797",375.0,12.0,343476252427.0,50012431938.0
LS전선아시아,01093007,"359,661,266,694","198,432,816,165","22,345,976,448","25,954,854,598",5.0,0.0,520302892983.0,-22782993793.0
JW생명과학,00225706,"201,403,949,401","78,788,450,485","28,331,233,550","29,748,961,849",237.0,37.0,170220779246.0,24275563945.0
샘표식품,01167056,"225,820,989,936","68,786,325,878","31,429,782,521","31,005,275,920",605.0,82.0,280808644002.0,42498627998.0
크라운제과,01205329,"332,902,889,749","190,854,656,820","24,446,925,055","26,519,837,073",1320.0,87.0,"386,614000000","34,505,074,301"
케이씨텍,01261893,"337,558,339,992","49,076,929,494","49,726,645,252","49,058,173,044",577.0,17.0,"265,326,900,003","40,425,611,414"
쿠쿠홈시스,01267684,"626,581,362,085","168,765,448,284","104,749,566,588","120,632,414,680",556.0,100.0,663713920904.0,8079393112.0
하나제약,00248974,"263,033,793,707","42,702,232,341","34,861,579,118","33,566,579,206",568.0,43.0,"166,347000000","31,717,117,205"
HDC현대산업개발,01310269,"4,409,550,765,094","2,177,817,169,241","558,900,187,414","551,487,293,833",998.0,707.0,4216489503536.0,-119988850843.0
자이에스앤디,00367844,"278,480,540,619","133,345,267,672","16,050,983,318","16,473,464,745",425.0,716.0,277945339009.0,22657857013.0
솔루스첨단소재,01412822,"494,200,175,438","353,568,066,473","6,850,314,479","10,179,272,706",222.0,4.0,69994767555.0,20949949722.0
포스코엠텍,00128111,"129,016,969,825","39,056,698,845","13,927,048,514","13,060,614,300",1004.0,11.0,"288,697,939,148","8,028,299,929"
오리콤,00141671,"195,640,666,457","112,768,724,414","7,621,568,390","7,955,798,357",312.0,11.0,198545882077.0,5615456728.0
원익홀딩스,00216647,"1,225,200,283,131","286,598,904,239","62,290,507,810","61,648,854,076",286.0,63.0,450752790463.0,95417772114.0
다우데이타,00238782,"25,214,812,744,391","22,437,866,875,674","546,269,899,082","558,977,519,864",314.0,8.0,3261975998573.0,-2914536859734.0
케이엠더블유,00226352,"427,046,657,502","210,264,016,322","129,421,587,291","136,682,726,396",379.0,0.0,682876300541.0,-3585231274.0
파라다이스,00171265,"3,470,353,602,407","1,866,151,021,754","15,480,128,121","51,868,333,792",1377.0,110.0,979432908913.0,156800907529.0
JYP Ent.,00258689,"207,839,679,239","45,489,735,142","43,017,090,481","43,458,524,745",219.0,0.0,155435844908.0,50943042578.0
솔브레인홀딩스,00247975,"1,159,459,650,316","317,791,133,396","171,758,011,094","174,184,665,880",993.0,250.0,250381451552.0,195110976899.0
삼표시멘트,00239639,"1,346,969,001,800","711,766,435,543","26,713,143,596","48,058,637,871",666.0,73.0,595485609978.0,66444296854.0
에스엠,00260930,"1,115,620,586,546","482,852,438,972","10,961,055,825","40,396,706,232",312.0,174.0,657825612024.0,91946538513.0
코미팜,00187415,"125,644,472,893","49,478,644,030","-13,850,969,575","-5,434,417,291",148.0,2.0,35489959562.0,950792919.0
SBS콘텐츠허브,00280688,"197,100,484,106","41,843,188,279","5,251,202,120","1,924,267,179",46.0,18.0,162067187046.0,-32141012929.0
인터플렉스,00369170,"351,362,963,161","133,561,263,393","-17,204,305,504","-16,774,919,183",352.0,26.0,439165312922.0,14501864011.0
한국정보인증,00306454,"109,192,282,975","23,963,367,494","9,683,102,730","9,271,306,101",74.0,6.0,42606442732.0,10770935383.0
이니텍,00353610,"259,984,863,121","59,078,574,750","-5,476,382,472","5,832,263,989",226.0,23.0,"288,034,219,795","46,117,045,319"
신화인터텍,00228350,"184,128,026,293","87,540,483,434","11,172,971,370","16,338,863,729",371.0,4.0,254429113279.0,33841327011.0
KT서브마린,00225742,"120,947,251,035","18,451,813,738","744,786,615","989,724,287",65.0,2.0,"55,168000000","17,982,030,834"
드림어스컴퍼니,00364467,"171,585,554,854","53,668,515,015","-47,935,284,072","-26,743,471,135",254.0,28.0,196961162684.0,-1387694872.0
KH바텍,00378628,"283,444,245,278","98,937,817,604","483,333,919","6,975,754,090",63.0,3.0,203636996005.0,10838027772.0
티씨케이,00245472,"250,869,537,055","30,411,607,879","60,547,140,488","59,171,215,398",344.0,4.0,"171,378,814000","36,219,244,898"
아프리카TV,00399694,"228,549,555,437","106,760,702,207","41,937,933,627","36,725,813,163",472.0,46.0,166530063025.0,60835842940.0
웹젠,00405320,"413,962,494,737","58,347,799,827","57,047,814,626","51,786,348,657",548.0,9.0,176051925906.0,19572407494.0
국일제지,00104573,"125,508,720,418","81,512,674,093","-42,663,557,341",0,192.0,6.0,83852676179.0,-1753091116.0
컴투스,00476498,"1,004,978,011,306","79,534,537,081","147,974,360,852","125,954,719,631",871.0,69.0,469293086352.0,129830247062.0
대주전자재료,00177816,"191,226,386,788","109,060,209,500","-633,796,001","2,663,205,563",241.0,1.0,116384306423.0,-6475448368.0
유진테크,00531014,"278,351,029,018","33,094,339,899","21,507,996,967","23,813,957,940",209.0,1.0,205466890210.0,52100066872.0
헬릭스미스,00359395,"371,438,506,458","172,372,699,534","-108,208,308,954","-41,733,788,624",103.0,2.0,4454515603.0,-41067647406.0
파트론,00490151,"520,807,909,956","118,690,364,512","100,802,446,119","105,172,046,300",460.0,0.0,1254596912123.0,83454399046.0
테스,00524421,"247,901,531,213","32,982,192,119","11,880,739,017","11,749,114,917",307.0,0.0,178374963637.0,33262814204.0
코오롱생명과학,00525642,"278,294,780,997","177,274,347,813","-80,196,713,118","-26,542,592,823",477.0,12.0,148541236968.0,-20180832834.0
위메이드,00444329,"296,259,242,835","61,598,029,106","-10,453,672,646","-9,330,257,173",52.0,6.0,113993733396.0,-43125780140.0
와이지엔터테인먼트,00613318,"516,346,905,463","94,683,750,039","-1,992,524,892","2,024,905,248",335.0,7.0,253579043467.0,59559817666.0
피엔티,00612294,"500,330,962,453","428,645,896,022","-3,523,456,259","1,477,775,102",286.0,0.0,321405859528.0,4432887606.0
휴젤,00888347,"894,690,013,619","150,419,074,817","69,725,832,823","68,086,696,906",422.0,7.0,204567625227.0,76994954935.0
KG ETS,00366137,"433,209,372,116","190,816,360,449","118,546,824,915","15,879,854,136",152.0,3.0,160879256378.0,9770508358.0
콜마비앤에이치,01032404,"386,373,979,056","131,822,570,388","72,056,184,931","74,075,199,972",278.0,0.0,438905517930.0,78203594152.0
클래시스,01061327,"113,657,441,301","25,740,865,729","41,734,500,371","41,709,475,409",196.0,0.0,81133256546.0,39033739583.0
파마리서치,00970453,"269,925,427,473","41,501,860,480","18,528,878,298","19,062,360,578",177.0,7.0,83871642044.0,19272275069.0
골프존,01067516,"312,587,282,698","112,544,403,573","29,850,286,251","32,297,494,216",385.0,13.0,247018098993.0,39501603372.0
인크로스,00819073,"144,263,389,698","78,518,897,511","12,189,382,321","12,209,437,288",158.0,17.0,34463400471.0,2441023967.0
휴온스,01159853,"300,341,675,410","102,120,356,097","47,828,626,345","48,397,657,130",697.0,11.0,365018984889.0,42119503502.0
에코프로비엠,01160363,"650,356,539,054","280,149,616,060","28,341,185,004","37,077,549,715",835.0,25.0,616085054981.0,12799839106.0
스튜디오드래곤,01168684,"581,557,107,129","153,306,914,808","33,054,089,922","28,701,606,368",107.0,17.0,468660678163.0,-12176095691.0
펄어비스,01152470,"867,391,014,845","278,374,337,593","181,292,960,911","150,603,491,592",601.0,235.0,455670771545,168357272875.0
이녹스첨단소재,01237540,"337,430,507,971","156,781,710,093","45,193,767,801","46,489,361,866",666.0,0.0,349330168052.0,44394024568.0
와이즈버즈,01236532,"45,530,159,446","25,734,408,435","4,447,387,025",0,0.0,0.0,"10,511,970000","3,611,982,452"
천보,00897752,"235,236,915,602","24,633,258,680","28,012,689,642","27,195,971,237",123.0,0.0,135310691327.0,22697488743.0
에이비엘바이오,01256864,"142,902,744,782","10,894,548,752","-37,004,630,514","-40,428,862,535",76.0,0.0,"3,989000000","(23,855,091,104)"
KR모터스,00112378,"144,081,159,835","108,871,143,114","-40,493,805,679","-24,650,440,438",81.0,3.0,132579261122.0,-7078682177.0
경방,00101628,"1,370,742,491,338","629,189,292,265","53,908,706,534","32,020,529,934",182.0,77.0,343892084610.0,66875285401.0
성창기업지주,00133335,"703,302,244,198","177,896,782,203","-4,072,392,800","-2,951,399,189",37.0,1.0,151041606849.0,8739061531.0
대유플러스,00126089,"1,087,246,344,837","927,815,166,853","14,693,541,786","16,306,666,230",123.0,6.0,457263303244.0,13679825618.0
영풍,00141307,"4,832,690,295,550","1,134,239,777,503","247,829,559,622","84,396,705,015",661.0,6.0,3084133443662.0,206908090349.0
LS네트웍스,00104698,"1,168,087,093,967","648,675,752,250","-79,496,342,589","-21,547,300,685",153.0,38.0,402812772969.0,-22445596254.0
이화산업,00145686,"282,716,897,421","104,824,446,318","-4,871,970,027","-1,689,015,924",61.0,19.0,61703167631.0,2593158601.0
보해양조,00123541,"163,069,253,504","86,677,023,427","-18,855,945,316","-15,357,710,507",204.0,13.0,75809352577.0,4618817187.0
전방,00147222,"386,595,114,678","255,270,270,399","-40,319,085,182","-30,492,233,155",302.0,0.0,137483747889.0,-8927705144.0
한국주철관공업,00159573,"351,976,404,892","83,056,761,640","9,475,043,946","6,601,032,046",189.0,2.0,437227919815.0,7646597926.0
대한방직,00112970,"197,730,296,951","71,652,140,513","-16,694,351,310","-12,979,458,087",343.0,18.0,156304223062.0,-19294274354.0
만호제강,00120872,"249,265,095,244","18,875,423,385","1,527,786,458","-1,352,004,776",163.0,0.0,"196,419,617","7,795,703,698"
남광토건,00107066,"202,566,664,735","149,693,738,887","3,862,088,594","4,821,012,248",400.0,352.0,236179654398.0,-1826298932.0
삼성제약,00126414,"168,532,386,233","25,703,072,656","7,086,836,429","-6,471,421,889",205.0,6.0,"44,566,363,211","(2,434,316,716)"
SG글로벌,00152039,"204,066,347,761","74,001,789,767","-2,003,622,035","3,860,651,426",85.0,3.0,93036627653.0,15908796905.0
KG케미칼,00101220,"4,151,542,217,468","2,799,967,271,529","263,241,026,491","117,974,346,288",197.0,10.0,2068395230839.0,146745850908.0
태원물산,00154055,"38,191,577,718","5,993,219,200","638,294,236","68,380,537",49.0,0.0,"21,887,046","1,473,363,904"
삼부토건,00125974,"391,314,222,174","212,522,074,374","9,520,285,281","4,957,492,088",300.0,17.0,226287328070.0,-10280054299.0
동양,00117337,"1,017,398,588,370","198,252,711,538","9,755,391,432","-20,118,140,716",401.0,50.0,539085144007.0,29688417759.0
디아이동일,00118345,"956,980,357,290","431,474,519,067","39,463,089,600","48,572,112,828",260.0,25.0,684926593107.0,51319090852.0
조비,00148948,"91,685,509,979","43,723,280,752","66,525,993","967,629,848",116.0,0.0,"70,897,367000","(2,472,663,575)"
제일연마,00148461,"102,503,180,318","18,490,927,641","8,297,951,745","6,925,532,183",64.0,9.0,81071832925.0,6872002249.0
금양,00106119,"224,222,540,377","155,935,476,796","-12,819,082,034","9,211,214,568",96.0,0.0,172723863687.0,-599178756.0
케이비아이동국실업,00114765,"559,688,329,708","383,312,184,728","2,554,313,400","-13,983,746,531",358.0,5.0,615578389906.0,42600498705.0
알루코,00117027,"772,552,136,753","486,695,490,398","-8,537,002,862","12,238,409,241",272.0,8.0,454372345903.0,47938758312.0
삼화콘덴서공업,00129350,"214,833,603,174","60,938,446,860","36,059,711,547","37,278,333,214",587.0,8.0,254537566886.0,26061922292.0
고려산업,00102751,"206,489,849,711","110,666,851,118","6,494,475,693","5,812,227,924",94.0,36.0,192457070597.0,10447483969.0
동성제약,00116268,"131,730,492,742","61,632,135,964","-8,765,545,076","-7,531,757,675",318.0,7.0,"86,536,755000","(8,305,940,896)"
한일철강,00163196,"319,370,011,727","170,314,924,442","-11,810,464,426","-7,314,730,415",113.0,13.0,173015464848.0,2931197873.0
범양건영,00122694,"138,462,329,746","68,465,634,074","10,908,043,905","11,451,588,698",114.0,46.0,276111459091.0,9016181161.0
세기상사,00133618,"41,553,081,175","19,117,276,020","-941,242,588","-456,521,470",21.0,0.0,"5,146,682,984","(533,124,464)"
삼익악기,00127857,"612,852,994,954","388,688,040,775","13,268,117,732","27,672,295,015",66.0,0.0,265391541026.0,5475191285.0
조흥,00149345,"218,025,804,893","88,563,688,405","9,504,311,688","12,349,895,223",272.0,7.0,"195,062,613,315","3,107,464,853"
오리엔트바이오,00141626,"84,088,996,364","21,442,606,030","-13,181,933,335","-10,123,767,392",153.0,0.0,"37,214,177,862","(3,904,239,009)"
동일제강,00118451,"147,022,929,971","16,473,576,150","1,391,649,665","984,969,586",125.0,0.0,"127,370,149,694","7,663,082,089"
신일전자,00173698,"100,086,380,398","30,625,974,210","6,215,798,869","1,579,565,175",125.0,8.0,"145,888,445","9,870,134,719"
보락,00123107,"55,616,508,700","11,669,629,443","800,163,524","631,609,053",132.0,0.0,"36,123,805000","1,463,212,928"
진흥기업,00150828,"325,811,159,734","228,399,869,886","24,349,276,896","28,039,803,736",211.0,92.0,"546,534000000","(43,915,360,619)"
미원상사,00121932,"280,693,590,389","56,138,292,339","41,440,958,659","32,260,424,871",538.0,4.0,249991190288.0,19716029969.0
대유에이텍,00149804,"1,117,314,245,928","881,264,978,863","19,082,578,779","31,291,169,626",317.0,10.0,1284997078242.0,40971331671.0
유성기업,00174004,"396,398,403,433","90,542,759,500","21,315,046,962","10,843,513,924",620.0,15.0,259585534408.0,30886229640.0
금호건설,00106313,"1,337,430,597,464","960,937,993,615","12,094,515,684","55,476,655,308",792.0,337.0,1597734215012.0,62289686925.0
부광약품,00123718,"388,534,557,104","62,048,555,734","-1,361,809,940","9,537,426,721",604.0,34.0,168193616060.0,-23407507615.0
일성신약,00146214,"369,516,178,570","24,026,726,022","9,179,143,353","-1,257,117,372",237.0,2.0,"48,411,627,883","4,388,672,710"
한국화장품제조,00160621,"84,182,716,932","36,155,653,713","-2,067,094,938","1,308,986,208",192.0,1.0,"76,492000000","5,343,994,717"
아이에이치큐,00154426,"165,807,958,847","28,956,887,269","-63,127,208,684","-7,041,132,245",237.0,12.0,93504246145,40622829480.0
방림,00122348,"236,858,930,844","47,038,827,306","7,437,328,713","2,106,443,512",244.0,0.0,131906970825.0,10672436886.0
미창석유공업,00122056,"295,367,498,211","37,418,991,515","24,377,767,867","17,479,958,846",87.0,0.0,323727562313.0,6475024615.0
한성기업,00161860,"233,558,717,156","183,693,908,599","-21,587,349,680","-8,254,571,732",419.0,335.0,"270,094,562,897","(5,404,168,974)"
SG세계물산,00133511,"287,724,873,803","82,842,126,570","10,744,739,485","508,145,883",246.0,3.0,246139715409.0,31165048062.0
동방,00115287,"628,416,350,561","512,774,958,198","-4,182,138,397","20,944,994,874",709.0,34.0,633047831639.0,29671311272.0
엔피씨,00108038,"403,765,363,181","119,562,522,007","18,789,457,400","19,842,885,169",227.0,55.0,454467518931.0,40289811041.0
남성,00172185,"204,791,616,714","118,867,535,110","-1,533,984,033","461,284,793",54.0,0.0,72953025618.0,-7902325362.0
송원산업,00134963,"894,324,000,000","458,743,000,000","48,322,000,000","59,292,000,000",677.0,1.0,814340000000.0,77982000000.0
조광피혁,00148939,"295,821,868,674","20,809,836,503","19,169,894,109","15,847,202,091",157.0,0.0,"108,240000000","29,146,527,728"
팜젠사이언스,00135050,"100,034,914,320","43,788,769,612","404,178,897","1,187,320,476",252.0,16.0,95137668553.0,2523396001.0
써니전자,00138057,"61,496,542,787","7,617,248,820","1,365,771,601","4,223,141,960",56.0,0.0,25615579238.0,5356312382.0
덕성,00114093,"102,872,751,858","39,884,766,980","279,923,648","470,298,245",180.0,16.0,86726846761.0,2281579573.0
티웨이홀딩스,00109514,"871,001,110,157","625,218,171,717","-61,363,361,854","-23,778,517,624",1987.0,347.0,"817,531000000","(5,144,090,473)"
씨아이테크,00127158,"56,095,818,486","24,795,380,765","-4,654,705,922","-3,122,915,749",64.0,0.0,40719367554.0,-241831375.0
한신공영,00162063,"1,650,955,869,341","1,137,165,744,150","84,716,907,364","124,540,495,856",842.0,315.0,1623287681238.0,-92744841860.0
신라교역,00135962,"619,927,969,163","101,796,691,431","15,201,389,768","-4,247,759,543",158.0,464.0,369645830609.0,-684536073.0
휴스틸,00156488,"579,096,387,394","182,538,348,103","-14,269,726,309","-12,915,905,238",538.0,28.0,536988709121.0,8658026023.0
부산주공,00124151,"282,063,933,902","251,993,670,843","-23,415,249,203","-8,926,702,192",255.0,34.0,"204,597,345,158","3,655,304,914"
신성통상,00136341,"691,880,234,255","463,116,498,626","9,943,267,229","40,700,423,324",700.0,80.0,954866604993.0,11803783409.0
대림비앤코,00109754,"309,166,165,986","149,756,703,802","2,469,631,252","4,133,196,863",821.0,3.0,236449075047.0,1777433892.0
신영와코루,00136624,"348,312,196,066","33,947,463,102","3,298,410,647","215,265,955",483.0,1.0,178061481917.0,3306182540.0
동부건설,00115612,"891,902,884,847","471,304,860,114","72,873,943,468","55,472,119,336",608.0,488.0,1155368352146.0,48287511795.0
사조오양,00141875,"311,156,562,419","143,598,138,355","19,415,509,806","22,613,475,410",775.0,80.0,"313,595,840000","27,900,743,999"
대원전선,00260392,"189,591,441,581","109,234,723,137","-914,875,248","1,003,800,278",157.0,0.0,401312380985.0,4124746107.0
인스코비,00122825,"50,718,972,008","25,019,362,257","-24,713,822,433","4,731,237,896",54.0,0.0,75765281531.0,14529577773.0
대림통상,00109824,"179,479,976,890","87,763,774,194","-9,738,274,497","-2,472,635,679",292.0,16.0,183586181950.0,-3959507743.0
삼성공조,00126201,"258,430,844,508","39,687,515,520","6,506,113,691","-4,080,430,800",194.0,18.0,75226694991.0,7349896445.0
신송홀딩스,00136402,"199,873,920,742","109,231,565,097","-36,672,534,395","-309,065,510",11.0,0.0,263013506964.0,-6548040462.0
태경케미컬,00109161,"135,621,494,696","17,130,138,423","12,281,505,844","1,191,403,928",80.0,11.0,41832103994.0,33178255365.0
일신석재,00146296,"87,279,198,703","35,343,263,724","871,343,905","1,753,512,928",70.0,11.0,66657756123,211535949
미래아이앤지,00104786,"72,302,050,465","2,716,719,743","8,890,683,705","137,382,839",31.0,0.0,"7,476,807,942","(2,201,314,297)"
일양약품,00146454,"437,456,052,821","214,716,738,645","27,660,883,686","32,510,928,599",625.0,6.0,324573436601.0,36192694558.0
동방아그로,00115384,"194,004,603,758","56,855,940,526","8,824,018,066","7,799,136,991",210.0,14.0,124644780306.0,3796399723.0
선도전기,00131939,"167,027,319,234","80,506,187,215","-1,167,694,479","-1,673,026,428",187.0,0.0,89348990459.0,-886559841.0
대동전자,00157104,"170,960,180,122","33,056,204,010","3,797,644,457","-203,455,347",98.0,6.0,47995434831.0,5436553411.0
이건산업,00145446,"422,594,844,656","244,131,945,700","3,135,122,276","9,622,212,329",195.0,12.0,279669846705.0,7987483892.0
남선알미늄,00107224,"295,529,661,298","116,429,406,807","18,317,788,672","11,578,882,722",618.0,1.0,324782176767.0,27655488615.0
문배철강,00121570,"195,251,305,539","83,908,129,907","2,966,637,229","2,600,636,327",64.0,0.0,"162,552,515,072","4,420,172,267"
일정실업,00146542,"60,518,947,241","30,985,290,305","-16,188,152,896","-16,332,932,442",124.0,0.0,39790277219.0,-10662660435.0
윌비스,00104999,"281,045,531,513","179,191,426,659","-37,016,177,840","-19,744,323,412",190.0,8.0,269623315685.0,23526992171.0
아남전자,00138516,"126,550,886","76,708,629","479,844","2,681,242",121.0,0.0,208701337.0,18249702.0
금비,00168401,"260,180,107,120","96,636,403,237","14,093,209,935","12,430,194,557",257.0,0.0,201404467525.0,25156424171.0
동양철관,00117629,"164,192,039,257","84,364,295,611","1,961,076,882","3,709,292,209",153.0,21.0,163430407587.0,-22728688852.0
경인전자,00102140,"56,871,283,730","2,407,490,833","267,886,847","-1,611,640,664",14.0,0.0,13310900398.0,395538778.0
대양금속,00111111,"90,520,352,112","23,791,778,978","3,426,230,826","3,243,351,839",207.0,0.0,"151,597,696,430","2,956,771,665"
대우부품,00111689,"77,481,781,151","40,546,449,044","-2,448,728,314","-994,614,745",225.0,0.0,"53,430,108,688","2,364,901,286"
한창제지,00163761,"171,963,791,952","86,019,806,820","10,065,964,561","10,850,046,779",214.0,0.0,"181,407000000","10,410,416,359"
삼화전기,00129271,"125,230,245,157","63,914,777,896","4,474,301,640","5,108,628,001",435.0,0.0,195087850963.0,6794491617.0
삼정펄프,00128227,"206,283,506,389","21,658,225,341","6,155,300,137","6,702,263,684",212.0,12.0,"147,064,265000","16,818,531,449"
우진아이엔에스,00143262,"133,250,154,093","26,299,557,213","2,694,738,183","880,296,142",155.0,0.0,107307025495.0,-3896051739.0
진양폴리우레탄,00160375,"43,396,757,140","16,812,694,359","9,517,435,070","3,103,548,924",46.0,0.0,35112975113.0,3398663101.0
화천기계,00166500,"158,315,534,844","33,722,182,733","-6,650,031,608","-9,289,330,805",312.0,16.0,"159,658000000","3,874,140,840"
퍼스텍,00148522,"182,110,597,918","154,832,769,561","-10,254,641,382","-4,660,893,705",360.0,4.0,"126,313,853,891","30,731,898,398"
삼호개발,00128980,"298,782,147,397","108,033,669,180","27,285,141,676","23,565,982,251",348.0,0.0,364581695864.0,30248227029.0
진원생명과학,00118521,"51,152,312,180","27,092,145,645","-7,144,535,270","-8,208,996,276",34.0,3.0,41241251457.0,-1270007139.0
삼화전자공업,00129280,"60,400,094,607","44,246,179,343","-3,221,224,364","-220,906,041",116.0,0.0,41787722783.0,-1676561871.0
태림포장,00153524,"566,299,272,981","245,397,507,878","27,464,348,429","20,824,538,867",42.0,1084.0,572946202942.0,52318975941.0
부산산업,00124027,"135,954,197,945","58,344,659,881","8,886,851,675","8,646,595,944",33.0,13.0,140962863019.0,14907278317.0
갤럭시아에스엠,00129554,"28,241,597,853","6,442,847,696","-1,119,975,111","-456,436,738",53.0,68.0,"28,733000000","825,071,948"
한농화성,00160861,"163,356,457,912","43,082,691,043","13,463,334,162","11,950,439,712",167.0,0.0,"204,694,662,843","18,868,497,337"
한신기계공업,00162072,"93,965,863,835","12,986,088,042","2,164,019,333","2,169,590,631",72.0,20.0,52754945336.0,1830993082.0
아센디오,00145437,"56,809,693,044","66,303,525,466","-64,791,856,261","-10,832,068,853",60.0,0.0,30156175496.0,-8791239557.0
영화금속,00141413,"201,880,456,881","131,162,598,567","462,490,569","2,018,153,288",484.0,0.0,"232,624,501,276","3,357,904,460"
경인양행,00102113,"472,081,003,161","234,647,862,562","17,888,642,642","23,555,055,195",603.0,14.0,358802385700.0,6768169642.0
대창,00112651,"576,144,363,475","361,059,361,919","6,933,154,875","16,988,396,871",387.0,9.0,898987909304.0,11948067528.0
계룡건설산업,00102432,"2,006,740,304,864","1,504,073,074,349","101,636,204,683","135,902,911,302",840.0,556.0,2275710115224.0,13591200406.0
까뮤이앤씨,00129420,"168,876,167,146","97,944,104,712","14,541,648,689","14,845,481,231",145.0,22.0,"283,420,654,857","7,627,840,261"
지엠비코리아,00156354,"486,911,659,993","253,229,573,230","5,454,110,540","8,509,762,334",630.0,18.0,477535110323.0,29431511026.0
지누스,00150633,"755,067,849,936","380,924,219,494","92,460,677,509","103,868,177,518",106.0,1.0,817137676913.0,-22055447389.0
한익스프레스,00129509,"266,468,434,955","194,356,413,822","9,744,341,909","11,938,286,154",373.0,25.0,577355359006.0,23950884900.0
대영포장,00111458,"212,247,462,712","61,710,681,421","13,788,414,015","13,408,394,380",364.0,0.0,"270,087,084,081","28,725,960,390"
금강공업,00105299,"834,006,206,201","488,064,598,165","-2,373,395,201","2,619,754,066",402.0,10.0,549727641624.0,27873199528.0
태경비케이,00122481,"301,367,427,835","98,531,828,542","13,541,595,249","3,869,512,949",271.0,15.0,186439232760.0,47751848070.0
성문전자,00132628,"42,506,306,644","15,096,843,937","-1,782,859,053","-1,554,760,696",73.0,1.0,35927661247.0,2016607091.0
인디에프,00106881,"149,413,338,281","86,741,631,105","-3,238,303,724","-1,579,169,180",243.0,0.0,202514692309.0,10308705340.0
이스타코,00134565,"78,897,625,324","30,011,584,795","9,836,259,976","3,933,073,214",28.0,11.0,"23,815000000","16,742,147,789"
에이엔피,00143314,"132,315,026,934","75,331,348,677","-7,996,635,078","-6,569,335,031",363.0,7.0,"95,220000000","(406,389,037)"
큐로,00108746,"217,020,141,543","119,240,656,535","8,228,779,121","19,782,502,007",211.0,39.0,"147,117000000","10,900,674,631"
일진홀딩스,00146649,"1,188,576,506,058","672,094,217,546","25,010,328,797","31,654,321,236",17.0,1.0,896159161492.0,83987920430.0
신대양제지,00135777,"768,604,072,999","194,818,135,525","96,519,565,133","94,690,808,825",148.0,0.0,646815209246.0,104387372823.0
광명전기,00103662,"156,712,705,142","51,313,844,678","7,016,073,239","7,985,837,022",194.0,0.0,131864294017.0,20495932174.0
수산중공업,00135111,"183,159,348,285","82,803,200,046","1,958,097,102","7,237,422,182",137.0,5.0,157806090500.0,12591986961.0
동원금속,00118008,"488,010,834,964","448,530,771,175","-20,758,125,016","-13,517,856,973",653.0,1.0,458575243464.0,46841326157.0
아시아나항공,00138792,"13,503,422,879,145","12,595,134,363,313","-1,080,637,886,126","-443,713,205,731",8815.0,340.0,6886846688489.0,558989482848.0
세원정공,00134316,"619,489,296,452","107,650,081,427","-16,503,061,256","-26,153,001,595",228.0,0.0,190705650371.0,46097763349.0
삼원강재,00191588,"249,461,227,874","39,515,340,753","13,838,012,541","10,797,108,979",264.0,5.0,"269,337000000","18,743,751,950"
동남합성,00115065,"95,135,740,836","20,613,954,021","23,856,996,337","9,828,616,185",144.0,1.0,"126,057,340","2,780,196,187"
인지컨트롤스,00103510,"507,936,553,042","320,446,213,378","-7,876,769,013","5,594,453,591",569.0,2.0,494157938705.0,40524968105
인팩,00180795,"294,347,209,475","184,418,129,053","-3,954,046,597","-436,275,810",346.0,0.0,360807844603.0,20601703746.0
에쓰씨엔지니어링,00121969,"373,872,724,597","218,561,748,195","-4,525,887,170","2,886,763,265",135.0,17.0,58736694267.0,-44857138881.0
WISCOM,00142865,"134,193,745,652","16,219,914,324","1,534,952,238","827,392,651",203.0,44.0,115450067319.0,3856468182.0
디씨엠,00177199,"206,972,864,121","32,254,205,863","27,884,122,602","17,532,253,108",144.0,0.0,"145,325,762,301","23,399,324,366"
덕양산업,00114154,"506,308,534,267","445,057,018,009","-20,010,330,415","-8,567,696,232",714.0,60.0,1359423500652.0,7123653630.0
KPX케미칼,00191472,"537,885,808,227","61,823,289,283","55,576,683,962","48,429,544,337",281.0,15.0,765712141954.0,65506712148.0
한국단자공업,00157070,"885,601,835,659","175,411,367,767","39,042,373,289","33,514,449,978",67.0,102.0,772133924961.0,61873051593.0
미래산업,00197759,"74,810,112,068","8,525,933,849","-4,654,578,881","-4,514,712,055",105.0,9.0,27691977186.0,-2206411839.0
제이준코스메틱,00136776,"123,890,346,430","70,637,553,420","-86,529,656,744","-52,012,690,009",211.0,10.0,52618530161.0,3502549856.0
부국철강,00123781,"122,258,587,601","9,715,737,595","2,304,634,898","315,595,323",51.0,5.0,"132,264000000","4,580,008,498"
동서,00144395,"1,478,277,015,581","126,335,145,726","153,922,128,290","38,471,985,738",274.0,8.0,505386137675.0,106779239598.0
마니커,00204208,"183,165,053,726","94,991,769,571","-17,543,506,720","-15,030,597,001",566.0,19.0,241679712946.0,-3370110824.0
동아지질,00178754,"322,274,033,777","128,394,044,864","24,978,059,523","22,916,296,874",341.0,20.0,380903410441.0,16030066249.0
신도리코,00135795,"947,504,079,112","76,867,463,051","20,635,035,826","6,275,157,301",694.0,28.0,427065042452.0,45406720705.0
동원수산,00118044,"98,682,776,626","47,811,442,099","10,858,938,624","15,149,218,160",115.0,109.0,163985443197.0,19116971963.0
비케이탑스,00273615,"95,502,489,312","56,326,074,476","-30,435,834,933","-14,047,410,143",145.0,7.0,11607561371.0,-15088674731.0
콤텍시스템,00186559,"161,498,210,166","66,611,013,314","1,518,561,957","3,046,974,419",381.0,98.0,238820531726.0,-21866624791.0
황금에스티,00218575,"390,222,792,037","107,255,290,497","34,153,661,343","18,780,395,426",114.0,10.0,243584029426.0,31723106428.0
KH 필룩스,00193009,"416,767,817,304","144,383,183,981","-14,919,411,837","2,903,591,697",140.0,4.0,135103559379.0,24434945503.0
자화전자,00146861,"348,455,186,806","69,853,356,748","456,992,502","-9,158,889,097",479.0,66.0,363027536512.0,22780791378.0
체시스,00125576,"88,630,379,691","61,927,759,928","-3,898,608,601","-1,500,505,748",142.0,0.0,55618889713.0,949148459.0
인천도시가스,00145862,"365,312,455,415","180,346,483,398","13,960,426,897","11,958,358,855",180.0,18.0,573464485341.0,28225663942.0
백산,00122551,"330,589,416,820","188,355,179,866","20,553,013,814","32,038,345,550",258.0,0.0,468882611012.0,5770979557.0
YG PLUS,00249247,"156,670,578,363","44,894,768,053","-557,113,027","1,195,655,248",79.0,2.0,113644883377.0,8292609669.0
한미반도체,00161383,"257,474,681,329","37,769,479,525","24,575,935,343","13,725,362,614",564.0,3.0,120377520384.0,27170525034.0
주연테크,00269241,"61,757,553,230","19,012,439,946","-4,341,808,429","-3,839,050,281",96.0,4.0,41890840260.0,809801267.0
진양화학,00347734,"37,462,386,194","10,808,733,100","-2,834,382,945","-2,745,492,601",92.0,0.0,"44,531,589,062","1,143,205,462"
세이브존I&C,00422895,"579,249,830,322","131,317,714,620","30,334,991,228","29,537,829,330",189.0,16.0,"159,226,620,544","26,234,271,046"
삼성출판사,00423690,"241,486,314,962","120,006,199,846","7,305,636,592","4,797,975,164",202.0,131.0,"202,043,373,529","2,470,203,436"
대웅제약,00427483,"1,245,668,149,263","609,748,054,792","23,321,673,227","44,687,096,858",393.0,20.0,1113425920883.0,57600275948.0
한세엠케이,00357360,"184,743,385,903","84,143,176,844","-45,305,295,348","-23,884,332,522",205.0,0.0,307486037849.0,825010178.0
DSR제강,00151298,"201,633,523,680","59,774,431,978","8,124,676,087","5,203,274,117",118.0,0.0,"191,479000000","14,537,643,170"
용평리조트,00365989,"849,935,618,519","454,153,340,780","-17,464,307,588","-4,124,128,982",324.0,28.0,129431260375.0,23600745630.0
유엔젤,00416654,"46,198,028,277","10,751,209,134","-4,193,093,405","-2,346,573,632",197.0,0.0,26557494177.0,-7406097375.0
이엔플러스,00469799,"117,265,158,693","71,424,498,860","-33,553,600,463","-15,398,599,463",62.0,0.0,40364028857.0,-19794613786.0
새론오토모티브,00305668,"255,546,739,423","42,571,400,955","-15,196,700,487","-3,822,325,306",295.0,67.0,152727147693.0,16153340316.0
세진중공업,00415628,"408,589,323,391","246,255,227,907","3,880,180,869","9,354,574,729",257.0,57.0,295855537321.0,-3141106081.0
텔코웨어,00361488,"127,373,937,377","16,275,857,224","5,015,325,224","3,363,859,925",184.0,0.0,41789352874.0,-608516768.0
일진다이아,00508274,"249,110,385,049","64,486,375,949","13,983,238,973","13,218,652,144",376.0,12.0,164447678972.0,40124255554.0
이월드,00540605,"481,844,099,742","94,805,649,072","6,604,998,653","17,433,450,209",612.0,364.0,"183,199,029,146","18,283,849,640"
엔케이,00172228,"145,821,945,173","56,125,297,664","-26,508,095,280","-6,541,809,223",109.0,0.0,73694290148.0,-5386111432.0
진도,00557933,"145,086,134,401","45,001,984,330","-2,008,586,077","-2,921,232,996",234.0,13.0,77872969340.0,5135345294.0
메타랩스,00442835,"98,289,716,301","39,682,954,991","-24,736,483,644","-2,017,585,175",57.0,0.0,49627781623.0,-4021331020.0
세원이앤씨,00585219,"358,714,548,211","182,068,359,456","-5,773,432,853","1,587,907,305",332.0,22.0,181937239128.0,-25023568926.0
디아이씨,00112165,"779,788,534,362","593,660,803,198","-57,965,377,063","-32,010,031,394",755.0,0.0,537765528558.0,67831019049.0
기신정기,00106614,"245,756,156,505","12,113,428,004","15,034,774,755","10,287,284,087",470.0,5.0,118992210077.0,9646721694.0
형지엘리트,00441243,"120,785,275,950","57,403,836,087","-12,532,685,538","-3,952,490,252",50.0,2.0,154606407757.0,3173229334.0
진양홀딩스,00646732,"513,948,279,120","141,257,508,704","31,610,131,749","12,873,508,902",4.0,0.0,225284561398.0,21172017283.0
인바이오젠,00652423,"90,919,390,110","24,922,912,269","13,123,921,513","-2,249,167,515",46.0,0.0,"9,795,202,845","(3,827,874,857)"
쌍방울,00681142,"340,359,626,428","174,319,622,767","-39,549,638,725","-10,342,326,742",201.0,0.0,96543475203.0,-2302772432.0
일진전기,00683469,"780,849,822,476","477,125,356,781","2,915,913,513","11,423,545,228",793.0,30.0,668304096799.0,25541035645.0
미원홀딩스,00706715,"315,171,349,686","117,560,804,316","20,248,412,354","7,763,815,076",11.0,0.0,188376778923.0,-1598963274.0
호전실업,00226316,"292,309,122,224","167,825,617,576","8,318,389,652","19,326,035,963",134.0,11.0,309781548083.0,5427507521.0
락앤락,00561866,"799,933,632,133","115,924,731,051","28,415,316,229","24,316,194,923",528.0,61.0,485992890534.0,40645653899.0
KC코트렐,00797364,"332,019,580,962","255,790,882,588","1,086,138,294","8,504,680,068",211.0,63.0,300551682231.0,50314312256.0
조선선재,00796994,"121,051,072,476","10,573,544,184","16,127,330,516","14,118,917,183",122.0,0.0,"64,043,540,072","15,680,425,325"
대성산업,00828789,"1,032,388,422,641","645,078,322,775","-50,031,119,493","-9,673,570,258",512.0,84.0,869910393675.0,-23485422892.0
미원화학,00855163,"119,057,544,051","16,927,799,387","16,410,524,442","15,484,152,525",194.0,1.0,154724321537,"21,324,257,528"
시디즈,00852087,"67,071,397,536","35,030,466,052","9,006,884,184","8,645,139,088",141.0,0.0,"192,881,844,986","17,567,234,356"
드림텍,00415646,"377,121,831,015","155,995,033,411","30,350,431,498","30,460,473,875",622.0,0.0,559670324386.0,44347484233.0
제이에스코퍼레이션,00332927,"201,631,124,249","44,720,466,037","12,413,513,403","11,098,652,843",153.0,7.0,253067075474.0,20674833504.0
금호에이치티,00105606,"322,078,193,091","149,447,504,062","324,013,149","4,059,147,568",501.0,24.0,251095061695.0,7214831400.0
토니모리,00816544,"240,877,329,898","142,299,571,529","-4,051,163,397","-274,992,043",161.0,6.0,172026783233.0,1758201340.0
미원에스씨,01234297,"311,855,158,584","62,545,070,863","49,229,458,859","46,588,002,772",417.0,1.0,377850724297.0,68882982047.0
제일약품,01236897,"401,585,119,334","231,540,835,525","-940,856,732","375,109,482",950.0,14.0,671406874751.0,28957623942.0
동아타이어,01262458,"385,817,625,755","28,925,145,005","32,609,801,589","18,033,544,377",532.0,0.0,155994363874.0,22007963998.0
에어부산,00651901,"985,775,844,327","877,666,773,929","-95,929,986,398","-37,843,356,648",1280.0,174.0,"633,183000000","112,534,646,988"
삼천당제약,00128546,"290,150,966,088","66,954,254,388","19,317,277,595","25,210,116,894",394.0,8.0,186602477367.0,30603122171.0
서부T&D,00130383,"1,811,212,317,672","1,138,808,621,074","21,809,521,927","14,439,054,070",414.0,208.0,127936627634.0,37598779052.0
네이처셀,00117276,"93,110,327,987","11,221,552,649","902,008,728","1,760,568,946",96.0,0.0,"23,072,025,671","357,517,207"
에스엠코어,00137915,"106,789,669,253","28,277,600,872","5,777,054,637","5,051,259,573",258.0,57.0,128073312142.0,-6469653238.0
SGC이테크건설,00141246,"2,034,408,015,458","1,515,163,710,230","48,999,702,009","76,950,798,708",718.0,161.0,1280658390969.0,94745535533.0
KCC건설,00105466,"1,039,194,850,951","661,659,129,871","42,999,986,068","58,800,589,918",803.0,168.0,"1,642,515000000","93,731,512,426"
유진기업,00184667,"4,527,888,217,431","3,736,492,991,702","50,806,280,877","128,015,520,537",645.0,22.0,1150921787617.0,46095863182.0
동화기업,00173032,"1,440,636,414,216","762,943,947,215","50,871,098,517","58,470,187,576",724.0,7.0,717405693719.0,39612675717.0
코엔텍,00197476,"198,228,799,676","45,423,219,165","30,884,207,217","28,446,448,013",84.0,0.0,"71,114,061","34,254,811,350"
시그네틱스,00158219,"182,878,840,086","46,416,597,495","-27,404,391,196","-19,639,344,638",142.0,0.0,218775439661.0,13036105935.0
코웰패션,00155948,"364,382,589,371","108,037,612,274","72,248,018,564","76,083,792,164",372.0,131.0,394651165411.0,51928939334.0
네패스,00227333,"521,648,374,150","331,008,677,299","44,139,501,502","61,591,419,326",699.0,18.0,356317076323.0,89922328669.0
KG이니시스,00264547,"1,278,010,860,104","897,284,369,018","83,914,909,496","86,145,633,848",194.0,12.0,747553438117.0,225743136574.0
SFA반도체,00301246,"661,228,514,368","345,386,475,373","26,404,296,876","39,075,606,798",681.0,6.0,588938237876.0,79527285520.0
영풍정밀,00141389,"335,021,302,894","50,621,091,560","15,920,389,067","10,110,292,810",219.0,17.0,"74,989000000","17,505,108,201"
KCI,00265041,"78,286,906,487","13,198,941,453","14,689,913,541","14,495,579,101",154.0,1.0,"69,641,355,070","13,909,925,120"
이오테크닉스,00246417,"446,385,712,806","52,598,515,328","14,787,039,513","7,100,164,927",559.0,12.0,206470463250.0,52892443590.0
오스코텍,00263654,"72,393,422,362","18,027,158,831","-22,654,326,016","-19,856,234,674",33.0,0.0,4368519899.0,27468802.0
나노엔텍,00230425,"46,639,328,336","5,613,637,029","4,276,213,828","3,051,217,194",105.0,0.0,26255835765.0,4082846584.0
KG모빌리언스,00405278,"450,696,701,736","213,233,471,292","25,542,040,292","34,781,044,256",129.0,10.0,192191690801.0,77859911004.0
현대바이오,00313649,"63,235,589,162","16,245,755,313","1,293,825,970","2,555,334,167",50.0,1.0,30085994562.0,9178916706.0
리노공업,00369657,"325,715,904,234","25,537,737,867","70,954,645,038","64,141,629,662",462.0,27.0,"170,307,404,665","45,356,654,172"
인선이엔티,00375931,"347,152,595,541","140,807,262,816","24,349,856,081","29,617,083,710",302.0,28.0,183949123627.0,29105860539.0
다원시스,00523307,"535,778,019,551","325,034,135,671","4,695,655,234","8,255,508,916",452.0,58.0,175077026439.0,139307326132.0
셀트리온제약,00541349,"470,980,395,573","190,949,017,962","8,844,851,893","14,735,270,455",580.0,88.0,"173,513000000","27,854,830,281"
차바이오텍,00525679,"1,162,923,422,163","496,625,076,998","67,309,866,757","5,837,297,229",178.0,23.0,534611811539.0,24665314018.0
동국제약,00114808,"544,383,939,658","158,964,253,939","75,628,986,033","68,584,510,206",895.0,69.0,482280354140.0,69482628604.0
메디톡스,00580199,"421,529,503,965","158,848,739,640","25,149,968,451","25,688,754,464",575.0,25.0,205900275787.0,33702851987.0
에이스테크,00556907,"380,498,821,341","291,357,544,327","-11,752,658,129","2,718,682,541",320.0,42.0,378602471828.0,8318303630.0
상아프론테크,00181299,"248,318,384,822","104,512,905,708","14,163,170,379","14,886,052,877",508.0,33.0,186171234240.0,3512996988.0
아미코젠,00545734,"241,401,291,315","82,993,430,247","-880,266,473","-2,183,015,573",180.0,2.0,115180889376.0,8760340927.0
제넥신,00545929,"358,176,683,376","61,267,262,279","-16,509,197,492","-44,536,068,124",158.0,3.0,11303045030.0,-41571708994.0
에스앤에스텍,00411048,"135,575,183,770","46,990,903,601","10,086,667,217","11,098,096,645",206.0,0.0,84466767631.0,8735925287.0
이엔에프테크놀로지,00530185,"386,226,183,928","117,201,378,805","59,171,636,353","59,636,772,974",415.0,62.0,481013218709.0,61247086424.0
티케이케미칼,00693554,"680,221,626,652","408,539,886,652","10,572,428,852","9,635,618,933",647.0,10.0,"612,702000000","1,486,262,446"
원익머트리얼즈,00623661,"358,756,324,636","51,300,386,088","35,622,833,867","36,048,990,611",387.0,10.0,220839808219.0,38442456205.0
메지온,00808022,"58,873,711,912","16,043,627,172","-22,220,079,235","-24,658,887,227",65.0,0.0,"17,920,423,979","(2,829,368,473)"
레고켐바이오,00842619,"141,477,453,081","25,568,107,367","13,101,518,704","8,416,841,998",98.0,0.0,"57,500,139000","24,113,461,209"
서진시스템,00838005,"563,040,745,560","296,147,874,067","52,767,705,307","54,397,093,747",223.0,11.0,392360900500.0,-18487997632.0
알테오젠,00989619,"85,979,112,272","15,774,959,263","-1,680,700,203","-2,252,031,255",67.0,0.0,29229181883.0,9133183987.0
메가스터디교육,01074862,"432,816,424,520","182,259,342,346","61,248,086,458","59,636,102,296",956.0,410.0,437346199788.0,61683966509.0
RFHIC,01078178,"260,240,850,837","44,667,915,374","20,341,989,343","17,936,449,298",269.0,0.0,107768753760.0,27059112921.0
씨아이에스,01090471,"169,743,005,337","120,073,068,259","13,715,511,855","15,394,050,219",124.0,0.0,100552888045.0,23500870706.0
에코마케팅,01029394,"139,596,963,745","30,155,128,520","42,121,130,079","37,837,722,117",204.0,0.0,111354943418.0,21293476411.0
메드팩토,01336373,"80,699,693,188","2,004,822,700","-13,515,612,832","-13,238,448,721",34.0,2.0,0.0,-15204385131.0
셀리버리,01182444,"30,858,307,204","3,574,884,640","-19,576,977,559","-14,584,399,348",89.0,0.0,2073694786.0,-11580583460.0
엘앤씨바이오,01181515,"66,226,107,019","5,955,350,052","9,921,729,096","9,032,316,211",64.0,2.0,29151665336.0,6430855616.0
국보,00104519,"115,356,448,465","86,752,438,550","-7,522,597,721","-968,491,480",135.0,1.0,89087334122.0,-9899692299.0
비비안,00107677,"133,298,819,200","31,975,895,773","-1,148,908,619","-465,052,169",205.0,0.0,196695231531.0,13259644750.0
흥아해운,00167208,"430,962,722,421","400,043,338,929","-54,638,039,548","-12,364,292,518",199.0,140.0,102166837765.0,-12048291083.0
진양산업,00150439,"54,529,283,571","13,467,024,428","9,285,044,350","9,142,008,062",69.0,4.0,61838249513.0,9375276073.0
성안,00132868,"264,791,163,042","230,062,717,836","-46,541,625,234","-12,934,285,113",62.0,0.0,216856564170.0,2861314760.0
세우글로벌,00134176,"45,520,999,151","5,687,963,598","448,272,432","1,135,908,529",30.0,0.0,25316586339.0,5417374156.0
한국주강,00159564,"48,507,645,594","16,295,372,676","-14,193,620,958","-4,903,330,005",38.0,7.0,"36,271,401,954","307,158,321"
이아이디,00480950,"205,252,079,412","67,319,727,902","1,767,193,653","1,484,789,114",27.0,0.0,141020916109.0,-6709420867.0
아시아나IDT,00458234,"228,597,212,756","87,216,182,448","-5,629,455,580","11,365,841,189",436.0,176.0,"246,149000000","(244,805,458)"
리더스 기술투자,00110750,"25,947,435,935","5,790,250,723","-3,261,240,272","-3,339,529,249",5.0,0.0,9370088610,-10889004953.0
아난티,00161781,"845,966,626,271","452,567,634,439","-3,457,931,698","4,710,346,637",376.0,26.0,142703753903.0,15978031352.0
상상인,00306162,"3,627,156,734,872","3,008,493,635,568","163,507,886,173","182,373,179,358",168.0,48.0,541349884676.0,657238627786.0
씨젠,00788773,"195,715,540,240","42,889,887,717","27,704,581,004","22,423,158,244",308.0,6.0,121953286875.0,27140749696.0
덕산네오룩스,01061558,"181,310,980,033","21,368,228,323","20,781,178,499","20,761,496,950",175.0,6.0,97873417668.0,22156753348.0
로보스타,00536523,"166,636,025,953","70,221,087,418","-4,120,891,279","-6,889,906,791",266.0,0.0,176654745185.0,-14336618398.0
