corp_code,법인세차감전 순이익,year
106641,"7,501,993,000,000",2022
138279,"2,898,542,000,000",2022
155355,"-18,413,093,758",2022
190321,"1,894,067,000,000",2022
181712,"5,908,697,000,000",2022
266961,"1,083,717,091,152",2022
124504,"742,146,584,000",2022
631518,"2,860,190,277,000",2022
113410,"285,343,810,348",2022
117212,"-285,903,924,711",2022
109693,"124,682,619,501",2022
146083,"-172,950,439,727",2022
160047,"247,275,364,312",2022
113508,"41,994,647,356",2022
116824,"17,608,580,037",2022
164779,"4,002,780,000,000",2022
164478,"753,815,000,000",2022
160588,"2,276,045,000,000",2022
160843,"747,138,338,305",2022
148540,"1,056,239,012,000",2022
120076,"1,133,187,692,778",2022
113207,"31,378,453,000",2022
121941,"110,932,873,119",2022
131780,"81,486,000,000",2022
117577,"421,165,629,185",2022
163512,"38,290,826,956",2022
161046,"7,316,158,114",2022
154462,"288,378,389,515",2022
117230,"122,780,246,484",2022
126955,"101,955,896,513",2022
138224,"171,177,682,136",2022
113526,"2,562,134,998,034",2022
120021,"2,045,618,000,000",2022
157681,"160,079,935,956",2022
145880,"1,348,558,027,452",2022
171636,"57,651,446,000",2022
136378,"521,874,825,260",2022
125743,"33,048,654,435",2022
157399,"36,348,453,753",2022
117188,"20,858,603,953",2022
120562,"499,860,555,981",2022
124726,"36,724,028,656",2022
120571,"169,386,857,154",2022
164742,"10,947,943,000,000",2022
131832,"539,051,827,627",2022
105952,"657,920,000,000",2022
120030,"664,897,622,799",2022
126362,"2,652,275,388,730",2022
140177,"75,063,718,353",2022
141529,"283,520,143,943",2022
109189,"187,799,491,185",2022
165680,"-59,647,312,581",2022
161426,"73,179,718,929",2022
126371,"1,186,828,087,730",2022
136086,"41,592,516,874",2022
161693,"-83,461,021,812",2022
119007,"54,964,533,741",2022
162461,"569,238,863,544",2022
140964,"1,083,402,103,654",2022
148896,"1,001,629,603,000",2022
105855,"126,966,694,511",2022
103626,"2,870,110,705",2022
164609,"-63,247,650,000",2022
105961,"1,135,062,357,037",2022
165413,"-392,619,240,018",2022
164645,"10,183,729,000,000",2022
106623,"86,063,000,000",2022
164812,"90,537,641,434",2022
139889,"159,297,081,484",2022
164788,"3,362,612,000,000",2022
126566,"174,616,406,341",2022
158501,"200,760,270,160",2022
140955,"194,237,859,330",2022
159023,"1,236,152,000,000",2022
164724,"110,105,864,213",2022
139454,"22,750,105,839",2022
126186,"1,132,080,207,483",2022
144164,"355,031,851,860",2022
188089,"161,773,696,909",2022
170558,"683,308,004,068",2022
120526,"-567,342,307,033",2022
203582,"-6,157,071,692",2022
219097,"38,895,385,596",2022
126308,"715,715,164,329",2022
149655,"3,334,546,525,257",2022
234412,"136,726,798,870",2022
274933,"-4,859,422,816",2022
231363,"856,812,000,000",2022
244455,"1,429,519,571,832",2022
255619,"167,851,826,370",2022
258801,"1,304,363,372,795",2022
261443,"609,050,943,296",2022
260408,"-37,585,486,981",2022
220561,"76,860,199,739",2022
160232,"46,647,231,356",2022
124540,"713,497,588,646",2022
309503,"122,121,929,956",2022
356370,"417,769,360,752",2022
349097,"33,430,748,587",2022
413523,"32,693,557,928",2022
412597,"96,757,694,526",2022
372882,"23,777,866,394",2022
372873,"19,862,606,504",2022
302926,"103,880,637,000",2022
401731,"2,539,811,000,000",2022
201450,"30,400,993,706",2022
428251,"246,711,565,000",2022
159698,"-257,878,151,428",2022
158307,"-557,697,012,049",2022
500254,"4,621,024,000,000",2022
303873,"-237,643,036,305",2022
300548,"-65,968,450,334",2022
503668,"157,771,953,695",2022
362238,"-102,207,246,216",2022
195229,"453,137,117,071",2022
361008,"-38,668,626,357",2022
539274,"118,845,988,072",2022
360595,"1,597,421,189,524",2022
583442,"17,779,741,850",2022
583424,"224,493,769,169",2022
635134,"1,245,523,117,000",2022
759513,"-105,943,000,000",2022
795135,"169,697,570,795",2022
828497,"121,012,526,736",2022
872984,"1,252,483,876,283",2022
896285,"97,281,000,000",2022
956930,"17,516,003,132",2022
983040,"438,303,692,552",2022
992871,"97,165,066,944",2022
1009789,"6,169,680,858",2022
1032413,"205,309,781,207",2022
1036446,"116,258,303,926",2022
877059,"1,009,024,573,715",2022
508344,"113,722,926,342",2022
1060744,"95,828,130,869",2022
565154,"142,921,691,148",2022
1168383,"-119,823,395,577",2022
1208885,"31,034,292,001",2022
1238169,"486,728,116,441",2022
339391,"-57,019,441,190",2022
1263022,"254,068,774,008",2022
1267170,"236,700,717,561",2022
1262032,"36,254,944,453",2022
1316236,"-448,250,891,421",2022
1316227,"30,658,603,776",2022
1316245,"59,841,661,132",2022
1316254,"213,162,004,331",2022
362441,"154,786,545,251",2022
148364,"616,005,224,415",2022
265324,"-327,580,418,493",2022
260958,"9,894,682,747",2022
228536,"15,686,285,793",2022
127954,"68,875,818,033",2022
347062,"6,844,226,328",2022
871833,"19,237,033,364",2022
126937,"126,664,000,000",2022
150244,"121,380,678,145",2022
145109,"94,926,373,488",2022
148993,"110,076,574,030",2022
129387,"10,671,560,929",2022
109286,"57,555,933,360",2022
104768,"13,296,874,869",2022
163691,"43,546,308,479",2022
114792,"547,679,373,077",2022
138190,"61,122,260,907",2022
149354,"-24,708,272,309",2022
128971,"84,339,671,528",2022
138701,"210,386,129,580",2022
114552,"2,914,383,294",2022
103006,"112,085,847,739",2022
173874,"-40,312,984,401",2022
105271,"111,953,952,629",2022
132211,"-17,208,554,984",2022
124197,"531,476,493,894",2022
146269,"161,202,685,885",2022
153393,"-45,552,759,314",2022
162993,"127,641,079,488",2022
141149,"-22,812,771,530",2022
113544,"23,763,677,403",2022
107598,"-97,220,020,759",2022
109718,"85,136,003,481",2022
157991,"13,889,493,769",2022
108241,"158,840,599,107",2022
127802,"19,693,674,216",2022
130879,"841,772,580",2022
128555,"93,637,749,746",2022
118266,"9,110,890,625",2022
132804,"-26,120,978,097",2022
125150,"198,427,676,801",2022
108135,"29,629,471,910",2022
125530,"70,782,876,250",2022
167192,"-3,114,497,630",2022
125521,"215,698,969,074",2022
126380,"46,440,474,000,000",2022
166227,"20,390,231,128",2022
129679,"85,727,859,933",2022
164672,"44,443,694,696",2022
125080,"-120,183,179,682",2022
124799,"76,973,016,074",2022
107613,"107,829,664,836",2022
126487,"580,405,942,635",2022
163114,"157,391,284,290",2022
140946,"30,450,141,909",2022
153861,"76,027,336,617",2022
101488,"72,724,310,765",2022
126478,"-554,711,265,360",2022
166315,"95,109,032,046",2022
115977,"285,969,297,618",2022
106368,"1,251,576,092,191",2022
102618,"-29,426,360,818",2022
143527,"16,108,052,906",2022
164636,"133,502,475,796",2022
166272,"31,765,330,189",2022
159786,"141,266,703,137",2022
105101,"-6,857,913,000",2022
159193,"-33,843,619,000,000",2022
130684,"22,506,025,659",2022
165583,"193,801,839,282",2022
159795,"28,900,101,934",2022
161125,"97,168,085,854",2022
133991,"23,259,060,558",2022
108913,"-107,697,076,412",2022
176914,"744,926,029,245",2022
203290,"36,396,108,049",2022
122737,"687,967,000,000",2022
148276,"300,435,028,812",2022
105873,"-3,433,370,000,000",2022
217947,"-17,714,387,020",2022
158316,"107,785,938,003",2022
219486,"107,260,459,434",2022
261285,"1,945,247,668,119",2022
225159,"166,935,921,690",2022
222532,"-13,650,566,674",2022
219574,"-7,980,653,661",2022
340917,"118,562,121,878",2022
356361,"2,812,551,000,000",2022
159209,"25,735,584,512",2022
256955,"23,699,004,663",2022
377610,"207,816,045,297",2022
390055,"-18,589,860,783",2022
413046,"626,173,376,626",2022
459871,"48,517,368,798",2022
481454,"-84,043,708,970",2022
480455,"-28,410,000,000",2022
400857,"6,338,112,513",2022
357935,"19,184,280,925",2022
555874,"-217,242,937,743",2022
595191,"133,421,841,827",2022
414850,"19,589,651,370",2022
628189,"7,316,423,153",2022
679314,"55,772,698,025",2022
684714,"219,757,501,334",2022
776820,"881,755,852,631",2022
557508,"-25,055,610,545",2022
194947,"21,105,704,248",2022
855093,"41,638,288,840",2022
241005,"45,082,747,593",2022
937324,"858,353,826,334",2022
939331,"16,973,794,860",2022
939687,"7,810,959,621",2022
983271,"1,521,608,996",2022
990165,"82,912,383,689",2022
101664,"-614,836,349",2022
911955,"10,436,282,612",2022
1108099,"34,875,099,786",2022
1032486,"886,277,487,000",2022
1128613,"6,493,936,191",2022
904672,"-941,473,679,190",2022
653024,"-90,190,923,390",2022
1060814,"20,350,000,000",2022
1319808,"116,031,468,481",2022
1325979,"211,145,517,673",2022
118804,"210,963,962,073",2022
158325,"74,705,266,693",2022
252135,"135,068,830,067",2022
223762,"19,263,831,293",2022
130763,"-30,777,676,427",2022
298270,"16,542,117,754",2022
358271,"152,244,089,619",2022
398701,"340,535,961,422",2022
579980,"-18,875,585,054",2022
536541,"306,616,814,981",2022
486097,"36,030,646,306",2022
447609,"164,456,373,822",2022
554024,"229,572,580,126",2022
579999,"50,419,495,591",2022
525934,"303,970,572,150",2022
857727,"3,763,249,792",2022
549891,"34,457,008,420",2022
1135941,"117,338,639,677",2022
1234507,"24,438,337,913",2022
119195,"23,085,548,187",2022
144818,"-3,810,376,632",2022
111847,"11,612,336,520",2022
148984,"53,761,394,435",2022
128032,"1,058,097,387",2022
149026,"22,814,991,200",2022
151395,"-5,937,544,466",2022
166519,"44,905,273,596",2022
100939,"-19,952,330,091",2022
144252,"-10,749,945,690",2022
134723,"1,711,163,918",2022
149947,"45,361,952,269",2022
113243,"55,132,475,147",2022
106395,"-16,261,105,845",2022
122472,"24,356,045,399",2022
122579,"48,115,688,693",2022
113234,"34,383,267,000",2022
159740,"182,586,375,737",2022
152862,"256,632,640,481",2022
101433,"37,927,298,330",2022
127042,"20,015,230,734",2022
158112,"26,947,914,214",2022
138729,"121,519,996,836",2022
136457,"2,439,481,375",2022
174527,"29,474,012,146",2022
148443,"-83,860,626,307",2022
117300,"35,652,981,738",2022
104722,"4,745,086,347",2022
127167,"57,476,265,429",2022
158149,"36,329,376,659",2022
165343,"3,028,732,162",2022
152880,"162,131,408,382",2022
132725,"2,530,076,201",2022
111810,"154,932,220,132",2022
118275,"15,189,669,527",2022
111999,"38,722,020,221",2022
163673,"17,894,000,000",2022
164706,"5,669,707,339",2022
133812,"65,902,605,150",2022
109806,"-8,058,464,687",2022
129235,"-16,565,360,314",2022
133858,"70,432,022,975",2022
113492,"-2,675,629,050",2022
172936,"28,752,143,279",2022
148920,"-10,204,999,539",2022
129989,"35,572,341,513",2022
163716,"3,681,179,259",2022
168331,"8,470,363,942",2022
121288,"3,879,112,788",2022
160302,"36,014,119,114",2022
156691,"6,806,481,075",2022
128412,"25,226,251,200",2022
127200,"24,450,805,580",2022
145163,"5,968,957,598",2022
153126,"39,811,042,495",2022
155531,"88,055,476,053",2022
143794,"7,691,933,502",2022
111421,"13,022,727,799",2022
113535,"184,983,722,550",2022
145552,"32,909,588,468",2022
118026,"405,754,467,887",2022
126779,"21,047,030,875",2022
159254,"31,896,632,206",2022
108977,"-18,433,021,662",2022
159810,"-177,047,403,644",2022
260383,"-204,385,808,134",2022
141404,"10,009,646,618",2022
122898,"15,539,807,487",2022
124090,"32,334,910,921",2022
130091,"14,191,541,151",2022
104388,"97,677,168,367",2022
152686,"99,531,662,792",2022
154329,"31,607,745,595",2022
137252,"-2,691,294,414",2022
131692,"51,945,894,785",2022
145260,"-5,652,089,074",2022
103042,"30,673,744,913",2022
138260,"95,618,433,988",2022
136864,"25,473,676,434",2022
103592,"36,290,716,419",2022
153621,"2,510,062,719",2022
162586,"1,929,429,576",2022
159971,"-3,555,368,377",2022
151128,"28,900,103,260",2022
160205,"1,037,986,567",2022
102858,"881,480,750,499",2022
141273,"-5,027,218,767",2022
155124,"-12,610,658,612",2022
139764,"-22,814,475,314",2022
129013,"6,675,009,145",2022
137207,"-2,473,082,608",2022
138297,"-19,571,000,000",2022
136271,"47,492,815,899",2022
163345,"11,069,816,097",2022
141477,"-2,245,507,060",2022
172291,"31,255,042,674",2022
173102,"2,891,923,591",2022
146232,"4,847,386,052",2022
117179,"14,873,303,263",2022
140779,"7,495,671,345",2022
105156,"26,370,746,670",2022
124780,"10,414,123,965",2022
132637,"78,694,794,137",2022
112679,"56,997,948,957",2022
153339,"40,219,504,737",2022
113614,"31,995,216,431",2022
161976,"100,275,158,654",2022
166573,"29,808,164,082",2022
108940,"13,922,485,247",2022
119672,"12,841,545,754",2022
161709,"10,869,233,948",2022
143651,"8,881,913,756",2022
121039,"2,652,206,377",2022
142883,"5,750,975,354",2022
152729,"9,576,480,512",2022
149239,"11,281,955,816",2022
137359,"-34,781,537,279",2022
118965,"2,327,531,270",2022
140131,"-2,457,881,428",2022
198697,"-3,627,403,567",2022
131197,"-1,061,379,310",2022
121534,"10,153,256,901",2022
159500,"6,710,644,912",2022
112022,"-8,982,446,378",2022
181943,"11,520,770,167",2022
145464,"5,164,140,309",2022
107987,"65,209,716,196",2022
133706,"2,194,853,255",2022
209780,"125,942,009,184",2022
231372,"-224,037,837,216",2022
158963,"53,424,815,313",2022
134510,"20,858,442,997",2022
121543,"-15,451,745,055",2022
130772,"177,557,965,489",2022
129642,"6,816,196,575",2022
369833,"1,281,667,707",2022
303217,"25,088,979,568",2022
159218,"134,599,664,565",2022
353878,"5,014,419,459",2022
398792,"118,909,596,673",2022
428729,"6,655,899,866",2022
435312,"14,268,749,588",2022
210856,"-1,679,235,726",2022
406046,"15,666,817,050",2022
414601,"46,874,164,082",2022
454946,"5,989,330,707",2022
113225,"195,770,968,238",2022
540641,"-15,764,824,874",2022
409672,"9,514,467,738",2022
573579,"5,027,429,431",2022
671376,"-150,165,866,513",2022
589127,"20,781,637,107",2022
587466,"47,202,821,846",2022
117726,"4,173,013,294",2022
593032,"223,766,942,606",2022
365387,"27,642,664,014",2022
632304,"70,994,753,228",2022
520887,"331,097,721",2022
648721,"16,998,520,736",2022
428321,"5,307,964,378",2022
145598,"6,893,915,535",2022
687711,"112,957,311,341",2022
728638,"130,434,715,182",2022
173944,"14,528,662,739",2022
753643,"-8,963,636,730",2022
670340,"1,737,792,056",2022
787376,"-204,319,222",2022
360142,"37,284,002,615",2022
823429,"-1,887,407,811",2022
815369,"11,225,538,003",2022
151368,"35,192,693,824",2022
661847,"-2,833,930,840",2022
119140,"-91,049,824,090",2022
526599,"118,394,778,992",2022
110608,"32,328,971,175",2022
1010110,"-292,362,991,025",2022
132354,"143,238,328,843",2022
1059605,"24,338,709,556",2022
1093007,"-5,071,643,305",2022
225706,"20,781,845,012",2022
1167056,"14,303,909,699",2022
1205329,"36,589,301,702",2022
1261893,"70,491,799,389",2022
1267684,"144,223,873,017",2022
248974,"30,718,350,878",2022
1310269,"120,922,439,218",2022
367844,"194,958,166,735",2022
1412822,"-36,717,061,962",2022
128111,"6,644,255,345",2022
141671,"16,621,293,551",2022
216647,"18,752,216,669",2022
238782,"780,363,530,784",2022
226352,"-37,698,233,195",2022
171265,"30,133,291,670",2022
258689,"94,120,580,393",2022
247975,"64,611,183,718",2022
239639,"37,802,018,416",2022
260930,"116,912,370,328",2022
187415,"-7,479,698,717",2022
280688,"15,914,681,967",2022
369170,"20,888,844,184",2022
306454,"8,778,095,691",2022
353610,"-282,498,198",2022
228350,"-10,514,840,539",2022
225742,"-15,177,455,650",2022
364467,"27,672,459,788",2022
378628,"32,602,361,124",2022
245472,"127,921,796,769",2022
399694,"82,573,184,139",2022
405320,"105,313,580,738",2022
104573,"-14,031,281,869",2022
476498,"1,771,536,976",2022
177816,"1,429,491,971",2022
531014,"59,182,009,132",2022
359395,"-43,007,161,843",2022
490151,"56,863,347,096",2022
524421,"54,269,567,471",2022
525642,"2,241,242,486",2022
444329,"-181,695,010,645",2022
613318,"55,998,444,737",2022
612294,"72,458,936,622",2022
888347,"73,086,582,121",2022
366137,"420,860,608,379",2022
1032404,"55,837,100,069",2022
1061327,"96,758,436,672",2022
970453,"54,048,007,703",2022
1067516,"148,132,972,221",2022
819073,"19,639,291,375",2022
1159853,"40,257,395,088",2022
1160363,"322,533,781,505",2022
1168684,"58,619,869,646",2022
1152470,"-55,803,077,266",2022
1237540,"101,870,110,991",2022
1236532,"2,578,992,030",2022
897752,"36,077,027,981",2022
1256864,"3,208,631,006",2022
112378,"-19,007,690,242",2022
101628,"1,648,315,655",2022
133335,"-12,903,336,535",2022
126089,"-18,358,311,104",2022
141307,"247,033,673,053",2022
104698,"-2,034,935,235",2022
145686,"-924,144,005",2022
123541,"-1,472,123,228",2022
147222,"104,628,170,242",2022
159573,"15,802,928,390",2022
112970,"-7,294,616,886",2022
120872,"8,220,332,260",2022
107066,"15,758,164,576",2022
126414,"-25,093,031,447",2022
152039,"-1,563,018,150",2022
101220,"536,429,472,790",2022
154055,"443,328,035",2022
125974,"-70,178,187,660",2022
117337,"-21,258,318,839",2022
118345,"45,423,822,076",2022
148948,"8,526,104,580",2022
148461,"2,591,245,143",2022
106119,"1,052,922,440",2022
114765,"9,997,683,949",2022
117027,"17,171,994,998",2022
129350,"33,284,110,768",2022
102751,"501,638,097",2022
116268,"-1,850,602,073",2022
163196,"-228,335,431",2022
122694,"-5,578,341,880",2022
133618,"-1,488,159,160",2022
127857,"23,526,198,120",2022
149345,"12,728,442,173",2022
141626,"-3,361,205,253",2022
118451,"3,926,032,933",2022
173698,"1,737,125,395",2022
123107,"3,389,049,721",2022
150828,"53,220,598,562",2022
121932,"87,825,424,725",2022
149804,"-101,924,208,873",2022
174004,"17,483,949,433",2022
106313,"56,601,104,790",2022
123718,"-1,032,872,379",2022
146214,"137,972,862,035",2022
160621,"4,023,641,802",2022
154426,"-113,911,783,324",2022
122348,"7,076,530,391",2022
122056,"31,753,667,550",2022
161860,"2,446,279,692",2022
133511,"3,054,888,352",2022
115287,"1,985,917,702",2022
108038,"30,677,676,867",2022
172185,"3,980,129,527",2022
134963,"181,100,000,000",2022
148939,"4,251,779,529",2022
135050,"89,960,299,524",2022
138057,"3,839,738,392",2022
114093,"3,800,508,429",2022
109514,"-19,815,211,403",2022
127158,"-935,886,756",2022
162063,"52,887,054,407",2022
135962,"19,826,537,702",2022
156488,"287,077,877,606",2022
124151,"-8,450,363,450",2022
136341,"111,337,470,424",2022
109754,"-1,678,372,050",2022
136624,"24,082,833,266",2022
115612,"23,183,204,489",2022
141875,"10,693,290,275",2022
260392,"1,895,538,151",2022
122825,"-7,403,032,094",2022
109824,"3,299,984,384",2022
126201,"45,071,312,000",2022
136402,"1,199,013,132",2022
109161,"12,038,183,504",2022
146296,"2,802,032,217",2022
104786,"-6,868,353,291",2022
146454,"41,331,403,889",2022
115384,"8,789,267,182",2022
131939,"-19,264,899,022",2022
157104,"11,294,581,428",2022
145446,"11,765,605,132",2022
107224,"30,446,567,757",2022
121570,"24,358,747,318",2022
146542,"-8,533,900,410",2022
104999,"-8,214,186,642",2022
138516,"13,692,775",2022
168401,"-19,191,898,741",2022
117629,"4,072,114,644",2022
102140,"4,100,351,759",2022
111111,"10,237,507,595",2022
111689,"-8,133,772,800",2022
163761,"1,033,412,012",2022
129271,"13,392,482,601",2022
128227,"-1,277,139,100",2022
143262,"-4,864,903,628",2022
160375,"3,314,275,705",2022
166500,"3,905,910,497",2022
148522,"4,592,986,349",2022
128980,"7,957,841,765",2022
118521,"-38,054,277,991",2022
129280,"-6,061,059,925",2022
153524,"26,050,229,408",2022
124027,"5,722,948,826",2022
129554,"4,390,396,917",2022
160861,"8,203,092,090",2022
162072,"-5,820,404,313",2022
145437,"-16,916,858,189",2022
141413,"386,444,352",2022
102113,"24,223,836,860",2022
112651,"5,077,396,552",2022
102432,"96,536,509,764",2022
129420,"-18,125,547,131",2022
156354,"13,290,403,896",2022
150633,"43,557,876,336",2022
129509,"11,174,807,494",2022
111458,"16,497,946,238",2022
105299,"60,336,884,239",2022
122481,"29,518,133,741",2022
132628,"2,703,228,431",2022
106881,"-10,591,551,409",2022
134565,"-5,021,732,071",2022
143314,"-30,357,952,707",2022
108746,"10,430,752,973",2022
146649,"36,038,036,470",2022
135777,"61,710,056,361",2022
103662,"6,419,400,070",2022
135111,"20,267,627,535",2022
118008,"22,045,104,764",2022
138792,"-7,699,984,635",2022
134316,"-24,319,204,148",2022
191588,"16,979,268,799",2022
115065,"12,948,368,022",2022
103510,"14,127,082,294",2022
180795,"17,186,133,631",2022
121969,"7,965,766,856",2022
142865,"-7,028,274,066",2022
177199,"44,413,864,214",2022
114154,"17,724,173,008",2022
191472,"37,404,807,384",2022
157070,"69,550,926,266",2022
197759,"8,059,369,506",2022
136776,"-19,511,265,960",2022
123781,"9,227,724,740",2022
144395,"129,336,420,914",2022
204208,"-1,709,026,471",2022
178754,"-28,208,506,435",2022
135795,"60,597,106,986",2022
118044,"8,642,567,888",2022
273615,"-14,400,245,631",2022
186559,"40,811,509,744",2022
218575,"52,203,504,803",2022
193009,"-106,872,456,441",2022
146861,"-43,052,838,464",2022
125576,"-4,513,274,020",2022
145862,"14,549,229,564",2022
122551,"54,825,366,823",2022
249247,"12,382,091,307",2022
161383,"127,844,021,017",2022
269241,"-5,739,911,122",2022
347734,"-1,239,035,438",2022
422895,"8,486,085,651",2022
423690,"4,582,058,487",2022
427483,"38,329,656,956",2022
357360,"-37,651,623,524",2022
151298,"33,010,683,469",2022
365989,"-12,983,265,323",2022
416654,"2,140,769,239",2022
469799,"-36,257,081,136",2022
305668,"-5,860,618,000",2022
415628,"16,641,864,543",2022
361488,"4,569,550,673",2022
508274,"1,861,334,390",2022
540605,"7,308,956,663",2022
172228,"10,508,709,657",2022
557933,"5,123,956,863",2022
442835,"-13,656,713,478",2022
585219,"-92,761,245,972",2022
112165,"15,137,287,825",2022
106614,"10,696,712,893",2022
441243,"8,288,093,361",2022
646732,"34,705,704,464",2022
652423,"-136,640,099,029",2022
681142,"-109,641,478,750",2022
683469,"27,728,684,638",2022
706715,"25,035,660,044",2022
226316,"38,800,723,016",2022
561866,"-8,213,595,668",2022
797364,"-19,244,340,300",2022
796994,"13,174,731,310",2022
828789,"-7,741,897,895",2022
855163,"20,938,722,745",2022
852087,"3,102,893,525",2022
415646,"105,543,183,337",2022
332927,"83,593,569,608",2022
105606,"-17,157,797,244",2022
816544,"-2,946,339,154",2022
1234297,"84,896,353,218",2022
1236897,"-13,246,645,256",2022
1262458,"31,069,283,692",2022
651901,"-153,133,369,491",2022
128546,"8,919,524,090",2022
130383,"30,498,487,923",2022
117276,"-8,904,827,977",2022
137915,"2,408,113,145",2022
141246,"70,906,639,426",2022
105466,"13,571,221,968",2022
184667,"-7,891,294,088",2022
173032,"57,432,543,663",2022
197476,"50,229,848,661",2022
158219,"9,812,066,060",2022
155948,"91,631,926,647",2022
227333,"83,877,723,664",2022
264547,"90,651,570,239",2022
301246,"71,388,920,625",2022
141389,"19,506,213,533",2022
265041,"22,700,882,769",2022
246417,"100,770,243,229",2022
263654,"-27,983,021,370",2022
230425,"5,508,274,307",2022
405278,"38,350,134,733",2022
313649,"-16,612,741,978",2022
369657,"154,075,514,572",2022
375931,"28,972,541,204",2022
523307,"-169,981,377,034",2022
541349,"30,468,673,930",2022
525679,"-71,302,408,963",2022
114808,"68,632,496,823",2022
580199,"49,526,136,526",2022
556907,"-31,318,339,188",2022
181299,"8,851,672,493",2022
545734,"-50,571,006,364",2022
545929,"-57,131,835,253",2022
411048,"16,541,478,096",2022
530185,"63,819,436,162",2022
693554,"311,910,286,090",2022
623661,"76,694,813,371",2022
808022,"-35,909,597,525",2022
842619,"-47,722,617,786",2022
838005,"15,179,648,474",2022
989619,"-9,969,855,067",2022
1074862,"134,308,390,458",2022
1078178,"3,959,367,755",2022
1090471,"15,682,198,047",2022
1029394,"56,348,497,276",2022
1336373,"-35,753,227,225",2022
1182444,"-75,018,397,988",2022
1181515,"4,563,326,433",2022
104519,"-24,473,349,636",2022
107677,"-14,000,473,825",2022
167208,"19,003,192,145",2022
150439,"5,476,287,811",2022
132868,"-8,290,315,629",2022
134176,"2,364,372,560",2022
159564,"1,721,453,110",2022
480950,"-101,105,095,340",2022
458234,"12,393,035,469",2022
110750,"-18,285,393,119",2022
161781,"58,453,481,071",2022
306162,"63,203,066,812",2022
788773,"225,559,426,245",2022
1061558,"44,786,652,810",2022
536523,"2,438,272,804",2022
106641,"6,393,781,000,000",2021
138279,"1,878,020,000,000",2021
155355,"13,508,680,000",2021
190321,"1,978,411,000,000",2021
181712,"5,982,328,000,000",2021
266961,"2,126,399,871,701",2021
124504,"488,700,366,000",2021
631518,"818,466,254,000",2021
113410,"239,190,286,694",2021
117212,"592,868,442,297",2021
109693,"717,852,472,556",2021
146083,"-176,529,334,040",2021
160047,"227,739,759,554",2021
113508,"26,768,754,927",2021
116824,"66,104,527,975",2021
164779,"13,415,987,000,000",2021
164478,"854,101,000,000",2021
160588,"3,216,454,000,000",2021
160843,"420,439,748,913",2021
148540,"1,300,849,491,000",2021
120076,"734,696,920,486",2021
113207,"22,601,871,000",2021
121941,"184,335,978,295",2021
131780,"107,133,000,000",2021
117577,"320,020,107,452",2021
163512,"215,924,548,723",2021
161046,"4,768,296,110",2021
154462,"429,574,176,402",2021
117230,"34,069,591,538",2021
126955,"72,127,163,112",2021
138224,"190,976,286,383",2021
113526,"843,114,021,846",2021
120021,"2,390,985,000,000",2021
157681,"746,852,368,299",2021
145880,"2,149,117,231,890",2021
171636,"29,298,390,000",2021
136378,"517,574,567,042",2021
125743,"96,862,258,621",2021
157399,"-6,570,564,868",2021
117188,"636,490,109,238",2021
120562,"69,499,112,210",2021
124726,"-11,799,483,856",2021
120571,"174,970,080,587",2021
164742,"7,959,562,000,000",2021
131832,"364,742,064,220",2021
105952,"391,921,000,000",2021
120030,"657,929,791,442",2021
126362,"1,663,335,322,229",2021
140177,"915,289,689,988",2021
141529,"162,900,876,905",2021
109189,"69,763,258,655",2021
165680,"47,916,842,855",2021
161426,"49,122,187,846",2021
126371,"1,491,308,954,867",2021
136086,"3,035,497,646",2021
161693,"83,345,802,435",2021
119007,"25,987,829,306",2021
162461,"855,338,282,753",2021
140964,"606,159,339,416",2021
148896,"611,952,710,000",2021
105855,"110,749,601,994",2021
103626,"5,432,072,370",2021
164609,"-209,773,787,000",2021
105961,"1,193,179,599,822",2021
165413,"1,887,483,719,887",2021
164645,"5,327,233,000,000",2021
106623,"100,720,000,000",2021
164812,"56,220,688,847",2021
139889,"393,059,402,657",2021
164788,"3,194,542,000,000",2021
126566,"289,364,425,275",2021
158501,"170,743,106,951",2021
140955,"208,702,123,405",2021
159023,"1,718,191,000,000",2021
164724,"160,509,325,060",2021
139454,"20,451,724,766",2021
126186,"857,541,761,347",2021
144164,"300,712,114,361",2021
188089,"154,631,491,902",2021
170558,"658,552,414,204",2021
120526,"-638,240,714,552",2021
203582,"7,905,612,254",2021
219097,"43,537,431,399",2021
126308,"529,538,450,784",2021
149655,"2,480,491,197,710",2021
234412,"105,407,715,079",2021
274933,"5,210,766,401",2021
231363,"905,193,000,000",2021
244455,"1,439,553,489,358",2021
255619,"-14,159,218,402",2021
258801,"2,293,693,668,438",2021
261443,"491,328,032,737",2021
260408,"18,808,996,315",2021
220561,"70,742,345,220",2021
160232,"57,260,015,068",2021
124540,"598,393,080,997",2021
309503,"54,405,791,113",2021
356370,"1,187,364,858,585",2021
349097,"81,899,491,281",2021
413523,"20,842,434,273",2021
412597,"178,229,661,314",2021
372882,"22,770,966,020",2021
372873,"32,751,539,117",2021
302926,"35,281,589,000",2021
401731,"3,838,896,000,000",2021
201450,"27,003,525,318",2021
428251,"316,861,267,000",2021
159698,"29,121,871,608",2021
158307,"-33,458,384,527",2021
500254,"2,852,967,000,000",2021
303873,"-373,307,911,375",2021
300548,"19,326,003,256",2021
503668,"129,125,072,351",2021
362238,"2,254,041,213",2021
195229,"512,800,471,433",2021
361008,"-50,414,324,547",2021
539274,"182,895,024,885",2021
360595,"985,210,850,125",2021
583442,"24,018,930,132",2021
583424,"297,877,456,532",2021
635134,"1,217,786,769,000",2021
759513,"21,666,000,000",2021
795135,"278,053,411,275",2021
828497,"103,696,520,580",2021
872984,"2,113,696,722,245",2021
896285,"76,151,000,000",2021
956930,"12,089,579,303",2021
983040,"75,568,850,558",2021
992871,"80,593,853,828",2021
1009789,"78,270,336,921",2021
1032413,"89,520,282,615",2021
1036446,"51,219,031,373",2021
877059,"561,282,597,291",2021
508344,"181,594,641,650",2021
1060744,"28,745,786,815",2021
565154,"123,964,190,679",2021
1168383,"-141,205,041,460",2021
1208885,"29,700,988,374",2021
1238169,"379,047,289,876",2021
339391,"128,054,189,764",2021
1263022,"192,516,329,566",2021
1267170,"404,202,988,098",2021
1262032,"44,319,417,596",2021
1316236,"102,372,123,415",2021
1316227,"1,404,227,741,475",2021
1316245,"94,357,230,108",2021
1316254,"411,798,936,536",2021
362441,"97,321,208,660",2021
148364,"634,664,287,517",2021
265324,"295,864,008,308",2021
260958,"-10,174,286,681",2021
228536,"-22,629,173,636",2021
127954,"31,374,051,348",2021
347062,"-15,164,998,499",2021
871833,"1,260,206,278",2021
126937,"344,871,000,000",2021
150244,"103,247,869,605",2021
145109,"126,060,737,101",2021
148993,"103,361,202,720",2021
129387,"-1,140,534,786",2021
109286,"41,552,780,282",2021
104768,"8,758,972,464",2021
163691,"33,925,334,494",2021
114792,"687,288,298,233",2021
138190,"26,374,416,022",2021
149354,"27,903,025,805",2021
128971,"225,095,942,688",2021
138701,"210,779,344,581",2021
114552,"21,968,181,188",2021
103006,"160,655,923,087",2021
173874,"16,480,561,111",2021
105271,"112,853,736,080",2021
132211,"-37,492,871,010",2021
124197,"307,855,964,992",2021
146269,"67,752,294,959",2021
153393,"420,192,998,252",2021
162993,"112,980,039,619",2021
141149,"-14,143,612,120",2021
113544,"29,588,578,345",2021
107598,"-73,632,440,424",2021
109718,"96,966,885,081",2021
157991,"16,754,510,659",2021
108241,"136,816,917,866",2021
127802,"14,160,337,951",2021
130879,"-5,778,364,194",2021
128555,"70,934,358,050",2021
118266,"-7,866,039,664",2021
132804,"24,075,868,009",2021
125150,"132,153,118,511",2021
108135,"180,012,861,429",2021
125530,"52,710,064,633",2021
167192,"47,643,860,599",2021
125521,"155,477,506,214",2021
126380,"53,351,827,000,000",2021
166227,"12,845,468,765",2021
129679,"172,559,285,896",2021
164672,"49,021,162,397",2021
125080,"-247,644,312,102",2021
124799,"70,262,418,163",2021
107613,"43,010,725,674",2021
126487,"215,711,675,113",2021
163114,"70,754,705,863",2021
140946,"33,509,828,000",2021
153861,"106,631,986,466",2021
101488,"102,050,954,212",2021
126478,"-1,349,816,814,471",2021
166315,"31,531,060,960",2021
115977,"167,669,840,444",2021
106368,"2,618,120,147,275",2021
102618,"-1,077,272,444",2021
143527,"16,157,367,392",2021
164636,"385,510,580,724",2021
166272,"-31,651,317,199",2021
159786,"211,866,969,132",2021
105101,"56,943,558,000",2021
159193,"-7,071,570,000,000",2021
130684,"3,892,873,299",2021
165583,"174,356,480,776",2021
159795,"28,459,957,706",2021
161125,"354,649,084,324",2021
133991,"34,380,489,385",2021
108913,"-44,403,682,532",2021
176914,"1,298,774,374,386",2021
203290,"87,454,193,664",2021
122737,"550,358,000,000",2021
148276,"259,630,284,731",2021
105873,"1,718,885,000,000",2021
217947,"32,853,966,508",2021
158316,"146,710,307,059",2021
219486,"47,945,504,202",2021
261285,"1,367,333,940,690",2021
225159,"207,080,979,242",2021
222532,"35,318,129,528",2021
219574,"20,446,284,188",2021
340917,"95,929,165,624",2021
356361,"4,892,030,000,000",2021
159209,"17,727,528,242",2021
256955,"23,477,548,678",2021
377610,"193,181,009,808",2021
390055,"-13,357,647,221",2021
413046,"738,623,430,512",2021
459871,"54,329,896,768",2021
481454,"-75,166,841,941",2021
480455,"-2,090,000,000",2021
400857,"-45,536,178,961",2021
357935,"19,069,727,325",2021
555874,"-354,753,851,755",2021
595191,"39,112,805,260",2021
414850,"19,235,057,083",2021
628189,"55,388,287,957",2021
679314,"53,635,739,725",2021
684714,"306,844,285,685",2021
776820,"451,252,002,117",2021
557508,"-147,301,017,597",2021
194947,"11,510,095,959",2021
855093,"45,098,088,493",2021
241005,"26,852,883,934",2021
937324,"712,853,106,659",2021
939331,"66,542,684,728",2021
939687,"7,085,411,084",2021
983271,"150,875,014,230",2021
990165,"96,815,170,270",2021
101664,"-9,932,946,743",2021
911955,"5,125,976,359",2021
1108099,"19,711,485,596",2021
1032486,"521,022,689,000",2021
1128613,"2,151,658,444",2021
904672,"351,177,666,997",2021
653024,"-221,052,382,275",2021
1060814,"37,916,000,000",2021
1319808,"120,927,164,230",2021
1325979,"124,758,812,871",2021
118804,"135,796,392,250",2021
158325,"74,680,486,751",2021
252135,"174,250,274,001",2021
223762,"-2,976,387,608",2021
130763,"75,827,384,334",2021
298270,"50,302,853,470",2021
358271,"179,840,778,959",2021
398701,"-125,638,907,554",2021
579980,"13,252,260,206",2021
536541,"-171,540,107,753",2021
486097,"36,057,379,298",2021
447609,"104,434,075,689",2021
554024,"198,256,909,181",2021
579999,"50,623,085,522",2021
525934,"380,676,348,598",2021
857727,"19,104,117,453",2021
549891,"33,580,886,637",2021
1135941,"189,288,167,815",2021
1234507,"96,645,615,924",2021
119195,"26,527,288,862",2021
144818,"-383,155,286",2021
111847,"-6,610,495,007",2021
148984,"49,691,132,347",2021
128032,"-4,761,355,996",2021
149026,"25,627,739,795",2021
151395,"-90,981,004",2021
166519,"10,741,856,960",2021
100939,"34,780,534,018",2021
144252,"14,458,262,507",2021
134723,"19,092,559,536",2021
149947,"20,532,660,766",2021
113243,"129,608,921,353",2021
106395,"-11,701,592,224",2021
122472,"15,250,312,639",2021
122579,"40,190,338,094",2021
113234,"27,234,051,000",2021
159740,"237,889,169,535",2021
152862,"242,116,320,076",2021
101433,"17,475,799,401",2021
127042,"44,742,353,321",2021
158112,"20,295,645,900",2021
138729,"107,163,065,303",2021
136457,"951,057,250",2021
174527,"36,332,643,447",2021
148443,"-6,129,201,543",2021
117300,"39,235,029,904",2021
104722,"-1,110,256,528",2021
127167,"54,621,104,299",2021
158149,"39,253,362,522",2021
165343,"7,945,971,315",2021
152880,"156,135,144,927",2021
132725,"1,794,597,045",2021
111810,"113,211,529,134",2021
118275,"18,355,906,635",2021
111999,"17,135,969,184",2021
163673,"-5,769,000,000",2021
164706,"-4,020,719,384",2021
133812,"72,077,145,627",2021
109806,"655,149,532",2021
129235,"4,821,796,786",2021
133858,"118,648,456,804",2021
113492,"10,000,056,896",2021
172936,"57,274,249,982",2021
148920,"-31,128,275,843",2021
129989,"22,398,919,240",2021
163716,"-30,996,849,418",2021
168331,"-4,100,834,059",2021
121288,"22,100,921,529",2021
160302,"28,498,606,598",2021
156691,"410,512,797",2021
128412,"34,911,238,836",2021
127200,"22,566,106,167",2021
145163,"9,450,907,168",2021
153126,"20,856,601,426",2021
155531,"200,831,677,345",2021
143794,"3,142,966,511",2021
111421,"17,496,427,787",2021
113535,"323,860,972,245",2021
145552,"118,726,288,542",2021
118026,"400,991,374,325",2021
126779,"14,978,903,722",2021
159254,"28,613,110,815",2021
108977,"-23,385,966,696",2021
159810,"1,865,287,063",2021
260383,"198,183,234,594",2021
141404,"7,696,196,880",2021
122898,"2,885,757,611",2021
124090,"33,204,735,721",2021
130091,"26,029,433,456",2021
104388,"210,410,743,302",2021
152686,"89,483,974,797",2021
154329,"-14,156,769,066",2021
137252,"4,420,554,839",2021
131692,"74,848,835,599",2021
145260,"10,531,558,316",2021
103042,"26,468,774,120",2021
138260,"115,662,132,171",2021
136864,"16,253,891,316",2021
103592,"34,328,684,970",2021
153621,"216,011,030",2021
162586,"8,702,090,321",2021
159971,"24,643,733,060",2021
151128,"18,658,766,461",2021
160205,"7,376,330,584",2021
102858,"1,139,080,147,683",2021
141273,"-20,889,220,187",2021
155124,"-14,145,321,929",2021
139764,"10,688,183,906",2021
129013,"2,681,834,264",2021
137207,"2,687,148,104",2021
138297,"-19,666,000,000",2021
136271,"-17,537,272,629",2021
163345,"28,053,109,504",2021
141477,"3,386,916,366",2021
172291,"71,814,850,465",2021
173102,"3,848,063,629",2021
146232,"2,918,747,089",2021
117179,"26,810,779,162",2021
140779,"3,737,121,252",2021
105156,"16,538,451,513",2021
124780,"13,182,544,075",2021
132637,"65,231,529,527",2021
112679,"36,863,983,404",2021
153339,"37,357,770,959",2021
113614,"24,094,494,167",2021
161976,"130,409,997,443",2021
166573,"33,881,528,304",2021
108940,"31,886,127,293",2021
119672,"24,262,752,796",2021
161709,"59,740,863,426",2021
143651,"36,691,978,044",2021
121039,"-6,598,119,107",2021
142883,"-13,090,309,106",2021
152729,"12,810,383,021",2021
149239,"16,851,107,957",2021
137359,"-8,985,644,900",2021
118965,"23,705,707,320",2021
140131,"4,346,042,796",2021
198697,"-41,355,217,398",2021
131197,"19,291,200,453",2021
121534,"11,567,973,971",2021
159500,"14,601,016,600",2021
112022,"-8,561,150,021",2021
181943,"12,219,179,374",2021
145464,"28,590,914,435",2021
107987,"24,456,579,339",2021
133706,"11,716,760,708",2021
209780,"84,697,875,091",2021
231372,"-208,390,846,821",2021
158963,"39,483,228,201",2021
134510,"-7,027,050,985",2021
121543,"-17,966,432,267",2021
130772,"179,533,094,312",2021
129642,"14,773,620,338",2021
369833,"1,576,587,443",2021
303217,"18,846,290,860",2021
159218,"135,940,823,505",2021
353878,"-1,163,969,047",2021
398792,"109,466,634,935",2021
428729,"-3,485,660,015",2021
435312,"13,944,409,653",2021
210856,"-5,274,525,234",2021
406046,"-2,125,012,290",2021
414601,"76,726,041,363",2021
454946,"21,863,388,653",2021
113225,"220,221,204,974",2021
540641,"-30,517,796,428",2021
409672,"-23,097,122,395",2021
573579,"471,241,369",2021
671376,"-198,361,672,689",2021
589127,"11,196,236,558",2021
587466,"112,681,101,245",2021
117726,"9,575,493,677",2021
593032,"199,358,049,804",2021
365387,"22,290,237,581",2021
632304,"32,487,610,886",2021
520887,"8,754,641,766",2021
648721,"16,397,255,936",2021
428321,"5,779,850,711",2021
145598,"5,844,762,014",2021
687711,"126,689,772,795",2021
728638,"98,364,816,581",2021
173944,"-7,743,562,388",2021
753643,"-989,305,700",2021
670340,"90,736,398,479",2021
787376,"14,881,220,777",2021
360142,"62,225,391,376",2021
823429,"-4,117,429,017",2021
815369,"10,312,207,228",2021
151368,"20,426,389,546",2021
661847,"3,493,919,943",2021
119140,"-70,620,418,267",2021
526599,"74,717,705,318",2021
110608,"15,939,358,449",2021
1010110,"197,852,881,282",2021
132354,"159,677,931,699",2021
1059605,"42,014,909,162",2021
1093007,"21,054,739,131",2021
225706,"18,287,103,238",2021
1167056,"26,146,622,197",2021
1205329,"17,070,230,866",2021
1261893,"53,695,172,366",2021
1267684,"189,978,308,817",2021
248974,"35,846,851,633",2021
1310269,"294,375,046,274",2021
367844,"48,557,352,218",2021
1412822,"3,569,874,260",2021
128111,"16,636,802,026",2021
141671,"8,549,252,895",2021
216647,"31,220,229,282",2021
238782,"1,325,223,579,454",2021
226352,"-4,797,230,389",2021
171265,"-65,884,916,614",2021
258689,"85,912,417,959",2021
247975,"49,710,175,567",2021
239639,"21,877,311,653",2021
260930,"173,136,327,794",2021
187415,"-5,934,355,768",2021
280688,"23,900,569,879",2021
369170,"608,977,938",2021
306454,"16,124,227,536",2021
353610,"2,400,720,629",2021
228350,"1,713,264,748",2021
225742,"-4,114,567,649",2021
364467,"-15,844,876,543",2021
378628,"37,047,412,023",2021
245472,"106,324,889,168",2021
399694,"89,063,339,425",2021
405320,"121,032,401,630",2021
104573,"-9,050,108,014",2021
476498,"145,258,182,734",2021
177816,"16,538,590,932",2021
531014,"84,212,985,420",2021
359395,"-67,715,160,717",2021
490151,"75,147,273,912",2021
524421,"78,077,523,222",2021
525642,"-4,010,570,969",2021
444329,"391,820,836,295",2021
613318,"36,361,906,238",2021
612294,"70,865,550,581",2021
888347,"87,442,351,017",2021
366137,"237,564,264,444",2021
1032404,"91,928,146,227",2021
1061327,"55,624,588,693",2021
970453,"56,033,421,122",2021
1067516,"103,763,794,939",2021
819073,"27,058,271,467",2021
1159853,"40,858,842,927",2021
1160363,"114,425,469,995",2021
1168684,"52,008,442,421",2021
1152470,"77,734,429,750",2021
1237540,"100,142,589,246",2021
1236532,"3,107,376,043",2021
897752,"54,942,888,636",2021
1256864,"-43,557,942,985",2021
112378,"-11,939,523,264",2021
101628,"31,144,150,126",2021
133335,"8,191,666,437",2021
126089,"-4,998,383,893",2021
141307,"200,754,699,686",2021
104698,"80,780,611,491",2021
145686,"74,125,387,573",2021
123541,"289,832,552",2021
147222,"3,247,678,278",2021
159573,"83,241,401,542",2021
112970,"2,080,730,078",2021
120872,"1,476,711,326",2021
107066,"23,894,663,066",2021
126414,"-40,276,343,542",2021
152039,"-5,294,950,439",2021
101220,"360,067,586,544",2021
154055,"163,218,782",2021
125974,"-1,783,594,943",2021
117337,"37,235,963,720",2021
118345,"61,885,919,502",2021
148948,"2,104,463,702",2021
148461,"7,975,679,901",2021
106119,"5,340,312,829",2021
114765,"-35,114,769,738",2021
117027,"5,282,637,582",2021
129350,"36,479,519,927",2021
102751,"6,317,392,572",2021
116268,"-4,379,340,610",2021
163196,"28,560,828,038",2021
122694,"1,955,322,092",2021
133618,"-1,944,921,160",2021
127857,"40,675,961,960",2021
149345,"19,705,156,042",2021
141626,"-22,489,732,897",2021
118451,"9,018,863,471",2021
173698,"9,113,455,296",2021
123107,"1,840,857,399",2021
150828,"49,456,184,782",2021
121932,"71,268,017,433",2021
149804,"16,573,240,792",2021
174004,"14,705,907,186",2021
106313,"107,643,789,897",2021
123718,"3,787,330,767",2021
146214,"-1,523,332,911",2021
160621,"-3,195,556,727",2021
154426,"-8,223,798,450",2021
122348,"10,406,253,415",2021
122056,"44,392,400,139",2021
161860,"-9,846,401,686",2021
133511,"63,390,855,056",2021
115287,"1,753,456,616",2021
108038,"33,702,669,870",2021
172185,"8,838,344,737",2021
134963,"101,184,000,000",2021
148939,"14,506,196,766",2021
135050,"41,949,485,108",2021
138057,"5,535,285,462",2021
114093,"7,717,824,407",2021
109514,"-8,845,598,039",2021
127158,"-8,810,217,795",2021
162063,"67,015,303,893",2021
135962,"59,298,024,312",2021
156488,"50,356,241,094",2021
124151,"-10,746,815,158",2021
136341,"48,360,638,252",2021
109754,"1,692,308,640",2021
136624,"8,581,224,354",2021
115612,"97,855,985,075",2021
141875,"20,783,190,232",2021
260392,"1,108,013,058",2021
122825,"4,703,284,124",2021
109824,"1,260,325,495",2021
126201,"128,344,654",2021
136402,"9,196,313,176",2021
109161,"13,981,182,528",2021
146296,"89,456,108",2021
104786,"-19,071,425,733",2021
146454,"38,927,368,985",2021
115384,"9,022,593,774",2021
131939,"-12,356,561,537",2021
157104,"4,185,980,267",2021
145446,"21,388,408,920",2021
107224,"50,051,788,823",2021
121570,"31,847,032,796",2021
146542,"-8,599,467,118",2021
104999,"-14,754,902,738",2021
138516,"11,999,021",2021
168401,"7,349,669,450",2021
117629,"-3,683,937,384",2021
102140,"4,102,144,846",2021
111111,"16,655,718,317",2021
111689,"154,085,320",2021
163761,"17,142,425,900",2021
129271,"19,411,095,443",2021
128227,"9,722,600,678",2021
143262,"-3,998,939,901",2021
160375,"4,522,334,839",2021
166500,"5,496,871,247",2021
148522,"7,108,987,143",2021
128980,"18,462,304,617",2021
118521,"-15,534,134,947",2021
129280,"-4,021,389,464",2021
153524,"27,385,204,085",2021
124027,"-3,222,896,504",2021
129554,"3,023,158,172",2021
160861,"22,752,134,924",2021
162072,"5,484,902,664",2021
145437,"-6,278,577,391",2021
141413,"-20,740,527,915",2021
102113,"32,231,103,061",2021
112651,"29,292,033,728",2021
102432,"212,159,935,325",2021
129420,"-3,815,693,719",2021
156354,"13,219,029,318",2021
150633,"70,170,448,380",2021
129509,"4,824,806,427",2021
111458,"12,590,209,325",2021
105299,"28,904,200,737",2021
122481,"21,924,704,959",2021
132628,"3,484,643,148",2021
106881,"-18,349,469,300",2021
134565,"1,534,434,405",2021
143314,"-11,948,327,703",2021
108746,"-14,248,681,826",2021
146649,"39,214,395,669",2021
135777,"78,472,932,035",2021
103662,"6,652,319,096",2021
135111,"14,174,510,836",2021
118008,"-25,944,541,929",2021
138792,"-639,628,067,479",2021
134316,"26,747,588,406",2021
191588,"11,801,008,521",2021
115065,"14,892,475,673",2021
103510,"3,014,187,876",2021
180795,"8,122,420,108",2021
121969,"-8,280,682,449",2021
142865,"2,013,507,616",2021
177199,"65,568,444,868",2021
114154,"4,946,760,403",2021
191472,"64,202,140,491",2021
157070,"86,359,388,249",2021
197759,"7,714,912,717",2021
136776,"-35,926,819,948",2021
123781,"11,005,167,636",2021
144395,"141,296,719,479",2021
204208,"-43,712,332,783",2021
178754,"6,187,676,298",2021
135795,"128,641,576,711",2021
118044,"8,486,199,705",2021
273615,"-34,161,711,241",2021
186559,"7,283,130,301",2021
218575,"44,296,309,775",2021
193009,"-3,365,345,922",2021
146861,"18,648,015,556",2021
125576,"-2,730,087,466",2021
145862,"4,871,245,982",2021
122551,"29,249,120,542",2021
249247,"27,145,802,891",2021
161383,"136,251,557,490",2021
269241,"4,179,495,730",2021
347734,"-1,564,438,175",2021
422895,"9,421,419,170",2021
423690,"1,425,509,491",2021
427483,"19,761,366,301",2021
357360,"-23,745,965,787",2021
151298,"8,951,605,449",2021
365989,"10,634,874,467",2021
416654,"13,514,121,048",2021
469799,"-19,531,133,459",2021
305668,"14,915,039,296",2021
415628,"23,544,342,014",2021
361488,"1,833,591,516",2021
508274,"10,899,174,528",2021
540605,"-19,321,539,546",2021
172228,"11,162,525,109",2021
557933,"3,203,326,876",2021
442835,"-17,889,861,473",2021
585219,"-4,197,374,292",2021
112165,"26,350,258,692",2021
106614,"12,264,573,119",2021
441243,"-1,320,525,665",2021
646732,"18,761,287,212",2021
652423,"111,064,190,370",2021
681142,"-16,076,495,331",2021
683469,"19,710,708,068",2021
706715,"51,974,183,768",2021
226316,"19,914,234,790",2021
561866,"24,287,180,553",2021
797364,"13,119,506,842",2021
796994,"18,156,814,430",2021
828789,"38,890,689,151",2021
855163,"14,562,849,509",2021
852087,"15,348,391,590",2021
415646,"93,073,282,394",2021
332927,"59,525,939,047",2021
105606,"-17,493,483,853",2021
816544,"-9,967,903,723",2021
1234297,"105,498,601,814",2021
1236897,"-13,833,971,419",2021
1262458,"22,169,782,397",2021
651901,"-352,597,389,006",2021
128546,"-19,549,099,496",2021
130383,"36,126,657,182",2021
117276,"-30,014,354,226",2021
137915,"-539,413,597",2021
141246,"91,944,726,932",2021
105466,"57,113,856,690",2021
184667,"106,276,315,728",2021
173032,"74,153,211,261",2021
197476,"37,211,573,446",2021
158219,"18,838,270,143",2021
155948,"87,738,549,528",2021
227333,"-26,059,289,775",2021
264547,"86,716,040,347",2021
301246,"66,918,285,174",2021
141389,"15,580,523,295",2021
265041,"13,186,433,868",2021
246417,"92,784,112,132",2021
263654,"-28,582,825,112",2021
230425,"5,470,033,858",2021
405278,"37,403,519,085",2021
313649,"-19,807,588,482",2021
369657,"138,893,100,157",2021
375931,"40,336,887,336",2021
523307,"-19,606,307,150",2021
541349,"42,522,485,747",2021
525679,"-10,032,603,765",2021
114808,"69,753,633,505",2021
580199,"128,265,330,912",2021
556907,"-32,640,141,519",2021
181299,"10,805,667,296",2021
545734,"9,663,179,302",2021
545929,"-48,561,062,658",2021
411048,"11,868,085,243",2021
530185,"29,192,441,307",2021
693554,"420,951,631,218",2021
623661,"65,187,342,764",2021
808022,"-13,025,609,762",2021
842619,"-20,523,029,676",2021
838005,"45,071,465,068",2021
989619,"-10,694,355,835",2021
1074862,"109,208,095,374",2021
1078178,"5,421,700,155",2021
1090471,"-23,649,358,176",2021
1029394,"34,440,339,543",2021
1336373,"-17,039,774,054",2021
1182444,"-29,681,526,870",2021
1181515,"17,095,130,475",2021
104519,"-16,275,588,812",2021
107677,"-1,766,356,623",2021
167208,"19,749,253,183",2021
150439,"7,355,605,593",2021
132868,"20,472,779,061",2021
134176,"1,623,402,374",2021
159564,"-1,818,818,687",2021
480950,"6,012,405,651",2021
458234,"34,444,974,440",2021
110750,"-9,589,905,589",2021
161781,"23,489,604,648",2021
306162,"136,760,529,043",2021
788773,"689,156,282,733",2021
1061558,"56,335,607,307",2021
536523,"2,660,199,118",2021
106641,"1,841,358,000,000",2020
138279,"-1,167,797,000,000",2020
155355,"17,955,342,113",2020
190321,"975,056,000,000",2020
181712,"31,744,000,000",2020
266961,"1,633,558,910,913",2020
124504,"327,169,228,000",2020
631518,"-2,758,436,391,000",2020
113410,"202,298,388,452",2020
117212,"-845,763,379,401",2020
109693,"44,412,467,368",2020
146083,"-28,407,851,992",2020
160047,"171,892,260,227",2020
113508,"43,720,088,073",2020
116824,"170,180,429,339",2020
164779,"6,237,037,000,000",2020
164478,"395,574,000,000",2020
160588,"2,022,337,000,000",2020
160843,"209,655,252,129",2020
148540,"513,697,772,000",2020
120076,"455,863,369,873",2020
113207,"-4,986,120,000",2020
121941,"190,753,249,451",2020
131780,"107,329,000,000",2020
117577,"324,276,753,881",2020
163512,"10,819,060,717",2020
161046,"42,127,658,712",2020
154462,"31,284,433,421",2020
117230,"5,902,909,179",2020
126955,"90,700,670,118",2020
138224,"164,707,757,921",2020
113526,"-935,697,157,179",2020
120021,"1,643,100,000,000",2020
157681,"259,517,195,276",2020
145880,"-503,913,957,392",2020
171636,"42,836,777,000",2020
136378,"-118,475,194,794",2020
125743,"31,034,056,717",2020
157399,"25,357,243,974",2020
117188,"108,236,220,361",2020
120562,"-290,060,561,305",2020
124726,"47,513,076,030",2020
120571,"-22,922,345,927",2020
164742,"2,093,256,000,000",2020
131832,"516,153,481,972",2020
105952,"301,909,000,000",2020
120030,"518,439,870,868",2020
126362,"803,410,633,660",2020
140177,"234,383,793,694",2020
141529,"177,003,728,970",2020
109189,"93,211,744,952",2020
165680,"-360,654,068,795",2020
161426,"29,966,333,884",2020
126371,"868,914,669,226",2020
136086,"-40,371,953,493",2020
161693,"95,490,467,958",2020
119007,"-5,466,822,963",2020
162461,"451,543,040,680",2020
140964,"321,126,994,926",2020
148896,"-350,121,277,000",2020
105855,"127,845,309,609",2020
103626,"4,522,647,190",2020
164609,"-20,141,662,000",2020
105961,"442,766,339,881",2020
165413,"246,746,457,698",2020
164645,"127,793,000,000",2020
106623,"84,460,000,000",2020
164812,"53,863,157,663",2020
139889,"-9,707,187,497",2020
164788,"2,117,980,000,000",2020
126566,"171,816,710,617",2020
158501,"187,377,371,404",2020
140955,"160,812,303,154",2020
159023,"905,218,000,000",2020
164724,"141,486,494,766",2020
139454,"13,226,811,424",2020
126186,"886,118,053,935",2020
144164,"295,955,182,496",2020
188089,"112,211,360,359",2020
170558,"540,379,082,066",2020
120526,"-771,239,790,283",2020
203582,"650,674,371",2020
219097,"16,140,824,575",2020
126308,"351,849,975,564",2020
149655,"1,465,155,259,723",2020
234412,"53,005,992,721",2020
274933,"-26,643,901,360",2020
231363,"373,347,000,000",2020
244455,"1,604,861,873,371",2020
255619,"-404,500,738,549",2020
258801,"414,271,425,061",2020
261443,"803,256,527,995",2020
260408,"24,602,025,855",2020
220561,"58,270,466,042",2020
160232,"13,551,990,765",2020
124540,"377,405,734,155",2020
309503,"82,489,082,021",2020
356370,"1,121,074,272,313",2020
349097,"78,845,556,496",2020
413523,"14,719,770,124",2020
412597,"200,308,481,939",2020
372882,"16,032,792,657",2020
372873,"9,954,707,782",2020
302926,"15,018,536,000",2020
401731,"3,314,648,000,000",2020
201450,"22,194,557,298",2020
428251,"146,923,035,000",2020
159698,"22,032,573,545",2020
158307,"64,998,664,190",2020
500254,"464,321,000,000",2020
303873,"-862,249,588,023",2020
300548,"33,844,075,608",2020
503668,"38,886,051,654",2020
362238,"102,670,045,965",2020
195229,"339,904,381,650",2020
361008,"8,724,703,704",2020
539274,"210,846,520,163",2020
360595,"766,549,147,869",2020
583442,"27,726,766,344",2020
583424,"25,293,021,746",2020
635134,"1,178,500,191,000",2020
759513,"-92,184,000,000",2020
795135,"321,635,051,984",2020
828497,"22,130,411,057",2020
872984,"621,795,811,695",2020
896285,"97,432,000,000",2020
956930,"33,287,815,104",2020
983040,"-156,138,564,905",2020
992871,"121,838,957,062",2020
1009789,"113,345,215",2020
1032413,"37,760,430,928",2020
1036446,"-30,422,133,825",2020
877059,"265,992,162,838",2020
508344,"93,209,395,457",2020
1060744,"72,189,343,849",2020
565154,"117,734,531,814",2020
1168383,"-9,724,055,195",2020
1208885,"24,864,490,199",2020
1238169,"397,351,014,577",2020
339391,"79,075,347,711",2020
1263022,"163,103,983,178",2020
1267170,"344,253,328,785",2020
1262032,"38,074,008,844",2020
1316236,"3,421,353,521",2020
1316227,"223,554,046,452",2020
1316245,"-17,980,082,873",2020
1316254,"1,104,999,161",2020
362441,"84,405,649,775",2020
148364,"219,723,740,540",2020
265324,"142,680,668,470",2020
260958,"-1,850,590,847",2020
228536,"-9,769,050,121",2020
127954,"-48,494,040,367",2020
347062,"-17,921,051,541",2020
871833,-,2020
126937,"170,681,000,000",2020
150244,"123,603,885,177",2020
145109,"239,891,953,125",2020
148993,"123,766,766,196",2020
129387,"8,894,901,832",2020
109286,"27,270,819,376",2020
104768,"11,902,252,942",2020
163691,"87,786,817,359",2020
114792,"127,688,456,506",2020
138190,"-69,576,004,689",2020
149354,"143,994,681,463",2020
128971,"193,199,195,091",2020
138701,"115,687,306,894",2020
114552,"23,713,410,173",2020
103006,"12,425,537,088",2020
173874,"-12,680,926,021",2020
105271,"694,121,342,299",2020
132211,"-8,602,013,396",2020
124197,"42,167,498,112",2020
146269,"14,422,248,393",2020
153393,"588,159,151,686",2020
162993,"153,056,726,861",2020
141149,"241,266,805",2020
113544,"23,538,025,751",2020
107598,"-68,441,167,842",2020
109718,"52,098,081,180",2020
157991,"13,900,019,844",2020
108241,"190,552,283,976",2020
127802,"5,603,942,158",2020
130879,"-2,460,786,687",2020
128555,"44,268,248,282",2020
118266,"13,545,821,552",2020
132804,"20,005,971,316",2020
125150,"33,779,757,677",2020
108135,"107,919,400,081",2020
125530,"4,041,169,363",2020
167192,"9,780,819,161",2020
125521,"88,975,953,197",2020
126380,"36,345,117,000,000",2020
166227,"61,617,615,474",2020
129679,"104,473,502,642",2020
164672,"76,047,964,219",2020
125080,"-344,059,726,542",2020
124799,"20,827,681,189",2020
107613,"2,645,231,280",2020
126487,"-3,964,429,485",2020
163114,"-14,960,367,995",2020
140946,"11,895,859,973",2020
153861,"204,444,532,424",2020
101488,"52,374,742,315",2020
126478,"-1,475,030,182,281",2020
166315,"-58,946,498,306",2020
115977,"156,546,992,970",2020
106368,"766,946,736,716",2020
102618,"10,854,355,058",2020
143527,"16,484,072,819",2020
164636,"289,057,188,002",2020
166272,"-19,655,116,474",2020
159786,"102,852,970,997",2020
105101,"-55,511,962,000",2020
159193,"2,992,747,000,000",2020
130684,"188,277,341,793",2020
165583,"95,693,300,489",2020
159795,"73,983,686,437",2020
161125,"139,805,826,370",2020
133991,"-4,852,151,705",2020
108913,"-37,856,296,618",2020
176914,"1,030,435,361,357",2020
203290,"228,271,635,031",2020
122737,"91,956,000,000",2020
148276,"196,897,413,312",2020
105873,"-602,446,000,000",2020
217947,"14,776,013,269",2020
158316,"96,323,602,242",2020
219486,"89,760,830,768",2020
261285,"-268,897,970,731",2020
225159,"102,501,357,043",2020
222532,"-309,967,822,432",2020
219574,"-7,607,442,308",2020
340917,"103,256,394,866",2020
356361,"948,199,000,000",2020
159209,"26,537,221,026",2020
256955,"16,715,604,888",2020
377610,"-324,815,188,516",2020
390055,"7,059,376,301",2020
413046,"661,044,051,419",2020
459871,"73,161,831,242",2020
481454,"-86,861,066,550",2020
480455,"17,235,000,000",2020
400857,"-106,437,392,969",2020
357935,"23,931,032,177",2020
555874,"-405,070,866,039",2020
595191,"4,407,958,443",2020
414850,"16,170,166,504",2020
628189,"3,526,461,712",2020
679314,"55,289,420,650",2020
684714,"98,972,705,440",2020
776820,"249,398,065,536",2020
557508,"-81,146,318,973",2020
194947,"19,149,497,227",2020
855093,"98,172,454,466",2020
241005,"3,971,309,101",2020
937324,"578,268,103,466",2020
939331,"221,636,490,919",2020
939687,"9,709,418,419",2020
983271,"51,951,368,969",2020
990165,"34,871,627,099",2020
101664,"14,030,792,710",2020
911955,"3,567,906,753",2020
1108099,"24,247,507,429",2020
1032486,"355,811,152,000",2020
1128613,"48,700,596,818",2020
904672,"474,639,647,463",2020
653024,"-177,937,657,357",2020
1060814,"38,496,000,000",2020
1319808,"140,790,561,202",2020
1325979,"47,667,871,030",2020
118804,"121,959,653,042",2020
158325,"61,171,483,398",2020
252135,"-4,147,525,079",2020
223762,"12,107,086,877",2020
130763,"35,713,024,458",2020
298270,"21,479,729,001",2020
358271,"157,369,899,112",2020
398701,"-17,881,023,311",2020
579980,"19,417,430,516",2020
536541,"41,954,855,420",2020
486097,"29,849,731,498",2020
447609,"33,876,025,485",2020
554024,"314,679,946,564",2020
579999,"11,237,883,358",2020
525934,"90,915,231,556",2020
857727,"5,151,356,146",2020
549891,"36,084,179,177",2020
1135941,"126,957,158,629",2020
1234507,"80,474,681,508",2020
119195,"33,638,279,859",2020
144818,"3,711,335,176",2020
111847,"-2,894,824,716",2020
148984,"54,171,721,278",2020
128032,"1,198,059,276",2020
149026,"14,029,512,835",2020
151395,"-9,134,151,331",2020
166519,"5,074,659,377",2020
100939,"20,697,811,437",2020
144252,"21,890,889,224",2020
134723,"2,110,745,744",2020
149947,"-13,205,175,394",2020
113243,"30,949,373,674",2020
106395,"-9,583,384,353",2020
122472,"10,040,611,624",2020
122579,"28,229,972,083",2020
113234,"35,280,776,000",2020
159740,"66,013,565,244",2020
152862,"182,381,783,988",2020
101433,"17,602,153,494",2020
127042,"67,247,748,900",2020
158112,"10,568,228,288",2020
138729,"74,100,924,974",2020
136457,"-9,343,771,265",2020
174527,"43,292,449,095",2020
148443,"30,821,682,414",2020
117300,"-464,301,449",2020
104722,"5,593,578,651",2020
127167,"41,125,998,868",2020
158149,"33,210,623,562",2020
165343,"7,959,673,092",2020
152880,"115,234,170,531",2020
132725,"-5,126,434,808",2020
111810,"144,505,414,492",2020
118275,"7,084,475,095",2020
111999,"23,641,502,516",2020
163673,"1,361,000,000",2020
164706,"2,682,865,798",2020
133812,"45,320,644,046",2020
109806,"-983,298,023",2020
129235,"3,217,101,142",2020
133858,"88,298,767,946",2020
113492,"44,132,064,223",2020
172936,"9,842,850,731",2020
148920,"4,141,438,016",2020
129989,"8,051,118,058",2020
163716,"-16,095,973,867",2020
168331,"17,884,374,892",2020
121288,"618,084,784",2020
160302,"-18,845,761,708",2020
156691,"-54,901,525,503",2020
128412,"32,829,628,068",2020
127200,"14,884,277,756",2020
145163,"3,822,404,525",2020
153126,"34,810,384,427",2020
155531,"8,431,161,724",2020
143794,"23,790,959,066",2020
111421,"7,888,589,755",2020
113535,"26,566,568,062",2020
145552,"-144,532,140,364",2020
118026,"496,594,504,690",2020
126779,"4,367,562,563",2020
159254,"-35,383,240,608",2020
108977,"-17,851,117,597",2020
159810,"-61,558,708,560",2020
260383,"167,737,032,602",2020
141404,"11,267,431,009",2020
122898,"2,570,709,421",2020
124090,"4,116,472,312",2020
130091,"40,279,295,962",2020
104388,"42,069,699,071",2020
152686,"3,383,353,895",2020
154329,"-11,031,104,123",2020
137252,"13,809,330,240",2020
131692,"72,155,214,447",2020
145260,"22,233,376,517",2020
103042,"17,038,866,740",2020
138260,"42,861,692,471",2020
136864,"-9,659,394,797",2020
103592,"62,950,970,258",2020
153621,"3,745,752,098",2020
162586,"19,225,288,903",2020
159971,"-60,775,404,486",2020
151128,"15,421,408,231",2020
160205,"3,104,910,901",2020
102858,"812,413,148,037",2020
141273,"-51,128,865,395",2020
155124,"-6,308,365,656",2020
139764,"-8,408,073,961",2020
129013,"3,227,039,013",2020
137207,"11,134,728,876",2020
138297,"-10,080,000,000",2020
136271,"3,383,949,751",2020
163345,"11,661,640,010",2020
141477,"-23,644,151,972",2020
172291,"72,966,269,033",2020
173102,"10,276,698,280",2020
146232,"4,160,982,043",2020
117179,"14,582,293,105",2020
140779,"2,201,232,101",2020
105156,"9,052,362,098",2020
124780,"10,813,703,903",2020
132637,"85,327,284,094",2020
112679,"21,115,606,373",2020
153339,"16,096,625,885",2020
113614,"11,249,764,120",2020
161976,"68,353,894,761",2020
166573,"31,081,793,160",2020
108940,"57,411,768,455",2020
119672,"13,272,655,690",2020
161709,"46,717,326,994",2020
143651,"-11,146,795,209",2020
121039,"-27,294,510,984",2020
142883,"-10,796,373,658",2020
152729,"-16,186,463,680",2020
149239,"-9,362,531,038",2020
137359,"8,339,789,544",2020
118965,"-16,582,653,071",2020
140131,"141,879,615",2020
198697,-,2020
131197,"-3,047,654,091",2020
121534,"5,062,468,165",2020
159500,"8,733,217,491",2020
112022,"-1,699,982,981",2020
181943,"9,268,671,662",2020
145464,"2,390,181,295",2020
107987,-,2020
133706,"17,188,181,258",2020
209780,"83,113,797,245",2020
231372,"-81,541,126,139",2020
158963,"35,650,281,890",2020
134510,"-20,106,188,926",2020
121543,"18,312,176,748",2020
130772,"-73,881,072,100",2020
129642,"2,119,013,021",2020
369833,"-1,937,566,482",2020
303217,"6,099,273,126",2020
159218,"110,986,762,293",2020
353878,"-9,735,168,518",2020
398792,"74,405,786,159",2020
428729,"746,584,185",2020
435312,"-1,213,549,399",2020
210856,"-1,750,397,540",2020
406046,"-10,196,899,145",2020
414601,"24,338,551,445",2020
454946,"12,682,940,005",2020
113225,"70,886,946,704",2020
540641,"-19,706,123,755",2020
409672,"-30,324,658,464",2020
573579,"-7,671,538,017",2020
671376,"-175,457,462,821",2020
589127,"-44,630,422,915",2020
587466,"88,938,173,434",2020
117726,"-6,287,575,063",2020
593032,"54,479,572,049",2020
365387,"-18,504,130,352",2020
632304,"23,597,901,289",2020
520887,"-16,913,291,072",2020
648721,"13,630,736,509",2020
428321,"20,268,541,876",2020
145598,"4,367,688,937",2020
687711,"4,249,514,774",2020
728638,"70,398,936,764",2020
173944,"41,450,883,870",2020
753643,"-6,392,973,022",2020
670340,"57,800,990,084",2020
787376,"18,515,639,195",2020
360142,"38,770,751,806",2020
823429,"-7,107,394,770",2020
815369,"7,877,532,803",2020
151368,"7,533,413,240",2020
661847,"-16,138,116,147",2020
119140,"-7,039,844,588",2020
526599,"26,054,421,980",2020
110608,"11,362,912,638",2020
1010110,"169,069,173,345",2020
132354,"133,530,952,394",2020
1059605,"35,204,456,897",2020
1093007,"12,274,106,997",2020
225706,"22,740,408,792",2020
1167056,"41,758,149,473",2020
1205329,"20,092,124,340",2020
1261893,"53,567,245,740",2020
1267684,"108,706,186,561",2020
248974,"28,495,373,125",2020
1310269,"347,606,832,690",2020
367844,"27,187,665,762",2020
1412822,"-2,277,481,410",2020
128111,"12,359,588,207",2020
141671,"1,064,840,097",2020
216647,"41,113,624,784",2020
238782,"1,032,433,439,151",2020
226352,"24,200,510,617",2020
171265,"-175,415,815,614",2020
258689,"37,987,823,328",2020
247975,"68,898,891,751",2020
239639,"26,114,672,820",2020
260930,"-40,569,580,031",2020
187415,"-3,956,597,678",2020
280688,"15,107,651,337",2020
369170,"-34,389,037,857",2020
306454,"12,566,497,547",2020
353610,"-401,991,666",2020
228350,"3,773,849,756",2020
225742,"2,018,773,354",2020
364467,"-25,048,195,496",2020
378628,"-14,917,502,870",2020
245472,"80,232,997,070",2020
399694,"47,535,022,166",2020
405320,"116,071,306,702",2020
104573,"3,057,258,290",2020
476498,"103,583,514,545",2020
177816,"5,697,716,572",2020
531014,"17,482,239,854",2020
359395,"-68,107,974,789",2020
490151,"29,795,267,075",2020
524421,"38,496,599,447",2020
525642,"-43,195,228,749",2020
444329,"-14,245,919,737",2020
613318,"20,494,267,327",2020
612294,"43,732,138,057",2020
888347,"69,337,506,975",2020
366137,"32,047,153,188",2020
1032404,"109,672,947,643",2020
1061327,"39,293,367,704",2020
970453,"39,537,256,822",2020
1067516,"48,705,922,316",2020
819073,"14,763,379,376",2020
1159853,"71,542,308,052",2020
1160363,"47,617,844,012",2020
1168684,"41,536,199,484",2020
1152470,"141,975,914,569",2020
1237540,"32,218,277,181",2020
1236532,"-2,419,753,899",2020
897752,-,2020
1256864,"-55,605,916,023",2020
112378,"-11,386,267,112",2020
101628,"22,683,044,505",2020
133335,"7,478,494,657",2020
126089,"-4,382,389,629",2020
141307,"153,822,674,413",2020
104698,"-12,925,240,655",2020
145686,"-6,334,322,745",2020
123541,"1,144,003,136",2020
147222,"-24,897,317,816",2020
159573,"12,686,220,165",2020
112970,"3,877,975,264",2020
120872,"2,074,876,988",2020
107066,"13,748,994,667",2020
126414,"-39,876,978,917",2020
152039,"370,057,444",2020
101220,"211,426,355,232",2020
154055,"-284,791,223",2020
125974,"-21,040,909,066",2020
117337,"-10,643,625,882",2020
118345,"30,836,344,096",2020
148948,"2,454,289,595",2020
148461,"4,405,265,281",2020
106119,"-3,582,645,513",2020
114765,"-17,206,331,886",2020
117027,"-30,808,782,605",2020
129350,"27,396,750,081",2020
102751,"9,336,190,495",2020
116268,"-10,805,884,888",2020
163196,"-3,941,342,610",2020
122694,"8,654,003,369",2020
133618,"-1,536,832,840",2020
127857,"14,193,695,703",2020
149345,"8,786,847,794",2020
141626,"-12,910,085,396",2020
118451,"311,590,568",2020
173698,"10,922,148,268",2020
123107,"267,855,142",2020
150828,"14,197,715,189",2020
121932,"62,499,371,716",2020
149804,"31,000,680,166",2020
174004,"-3,657,215,413",2020
106313,"24,061,649,108",2020
123718,"-8,299,644,577",2020
146214,"4,416,917,385",2020
160621,"-3,906,957,494",2020
154426,"-14,696,551,860",2020
122348,"6,490,766,854",2020
122056,"23,423,576,983",2020
161860,"2,861,997,975",2020
133511,"-20,816,778,265",2020
115287,"15,000,580,018",2020
108038,"22,585,185,587",2020
172185,"-2,698,619,035",2020
134963,"51,157,000,000",2020
148939,"25,829,122,306",2020
135050,"11,209,290,365",2020
138057,"6,863,159,829",2020
114093,"4,142,533,481",2020
109514,"-5,042,144,224",2020
127158,"-3,654,275,292",2020
162063,"140,546,611,048",2020
135962,"10,914,568,383",2020
156488,"12,219,801,772",2020
124151,"-12,873,245,784",2020
136341,"12,242,207,060",2020
109754,"-1,554,524,910",2020
136624,"3,884,293,358",2020
115612,"47,629,545,597",2020
141875,"24,067,145,906",2020
260392,"3,054,456,452",2020
122825,"9,446,376,122",2020
109824,"-13,832,141,881",2020
126201,"5,699,781,626",2020
136402,"4,276,439,730",2020
109161,"9,971,809,829",2020
146296,"827,647,348",2020
104786,"24,704,293,300",2020
146454,"28,392,739,488",2020
115384,"8,750,909,152",2020
131939,"3,258,238,363",2020
157104,"6,537,205,077",2020
145446,"1,513,027,321",2020
107224,"12,925,298,010",2020
121570,"10,228,141,530",2020
146542,"-3,936,493,730",2020
104999,"-3,344,510,029",2020
138516,"4,705,769",2020
168401,"-3,127,913,500",2020
117629,"7,420,477,994",2020
102140,"2,043,058,554",2020
111111,"-691,603,670",2020
111689,"-3,147,749,820",2020
163761,"14,334,191,112",2020
129271,"6,333,228,539",2020
128227,"34,469,386,348",2020
143262,"2,392,349,926",2020
160375,"2,099,480,154",2020
166500,"-2,188,298,640",2020
148522,"6,255,328,594",2020
128980,"23,298,584,698",2020
118521,"-18,226,419,683",2020
129280,"-2,296,598,446",2020
153524,"5,728,214,901",2020
124027,"4,868,782,169",2020
129554,"1,231,056,823",2020
160861,"14,165,535,267",2020
162072,"4,483,785,586",2020
145437,"-4,251,486,326",2020
141413,"-9,476,193,914",2020
102113,"-6,178,698,384",2020
112651,"10,637,027,834",2020
102432,"121,611,991,997",2020
129420,"9,761,325,834",2020
156354,"-11,690,828,169",2020
150633,"57,451,452,677",2020
129509,"-651,158,564",2020
111458,"4,639,479,768",2020
105299,"3,176,741,606",2020
122481,"12,396,964,581",2020
132628,"-968,915,566",2020
106881,"-19,665,812,794",2020
134565,"-89,499,763",2020
143314,"-24,233,138,681",2020
108746,"2,142,762,190",2020
146649,"20,791,631,669",2020
135777,"60,319,375,827",2020
103662,"5,856,601,628",2020
135111,"5,071,175,496",2020
118008,"17,427,588,314",2020
138792,"-450,416,460,162",2020
134316,"6,294,037,315",2020
191588,"10,635,764,206",2020
115065,"12,599,549,920",2020
103510,"311,496,438",2020
180795,"9,566,053,132",2020
121969,"-9,018,877,808",2020
142865,"-1,075,581,903",2020
177199,"25,663,390,222",2020
114154,"-9,016,014,259",2020
191472,"83,514,892,482",2020
157070,"77,680,259,585",2020
197759,"-6,722,372,567",2020
136776,"-18,364,670,950",2020
123781,"1,026,374,482",2020
144395,"148,332,402,036",2020
204208,"-35,169,677,938",2020
178754,"2,878,891,672",2020
135795,"-17,106,383,380",2020
118044,"-1,511,683,666",2020
273615,"-45,617,597,865",2020
186559,"-780,447,596",2020
218575,"27,483,273,680",2020
193009,"-44,985,571,716",2020
146861,"-7,479,618,132",2020
125576,"-4,449,292,764",2020
145862,"14,992,538,478",2020
122551,"-11,028,521,121",2020
249247,"693,284,879",2020
161383,"65,646,976,995",2020
269241,"-1,041,338,900",2020
347734,"1,146,105,685",2020
422895,"13,546,071,024",2020
423690,"68,773,341,105",2020
427483,"13,447,593,952",2020
357360,"-24,717,931,739",2020
151298,"6,149,103,525",2020
365989,"-23,805,581,917",2020
416654,"-1,248,307,887",2020
469799,"-14,091,243,788",2020
305668,"248,359,597",2020
415628,"5,514,539,751",2020
361488,"1,904,633,163",2020
508274,"9,649,922,231",2020
540605,"-17,673,065,322",2020
172228,"-5,334,898,607",2020
557933,"-751,248,550",2020
442835,"-16,493,581,514",2020
585219,"-31,114,415,123",2020
112165,"-117,772,171,076",2020
106614,"10,813,696,422",2020
441243,"-1,015,313,123",2020
646732,"38,816,842,803",2020
652423,"-45,218,379,302",2020
681142,"-18,696,318,114",2020
683469,"5,007,072,044",2020
706715,"30,303,032,885",2020
226316,"-11,121,468,066",2020
561866,"30,855,959,390",2020
797364,"-63,093,302,617",2020
796994,"11,397,195,934",2020
828789,"62,638,552,582",2020
855163,"15,929,356,305",2020
852087,-,2020
415646,"19,953,823,670",2020
332927,"1,710,444,562",2020
105606,"-8,373,102,791",2020
816544,"-43,205,439,863",2020
1234297,"45,794,909,678",2020
1236897,"12,551,989,779",2020
1262458,"17,998,232,088",2020
651901,"-169,785,510,832",2020
128546,"16,580,831,053",2020
130383,"-36,174,159,839",2020
117276,"-18,869,661,732",2020
137915,"41,056,929",2020
141246,"-44,846,174,047",2020
105466,"45,620,741,074",2020
184667,"38,536,970,728",2020
173032,"51,996,334,066",2020
197476,"32,960,391,181",2020
158219,"-42,114,525,655",2020
155948,"96,336,445,807",2020
227333,"-60,681,788,763",2020
264547,"91,637,651,695",2020
301246,"20,890,802,606",2020
141389,"17,303,698,951",2020
265041,"13,534,638,965",2020
246417,"30,610,638,191",2020
263654,"1,293,239,060",2020
230425,"2,114,928,711",2020
405278,"41,639,178,806",2020
313649,"-7,933,438,045",2020
369657,"73,552,367,557",2020
375931,"45,625,263,499",2020
523307,"8,635,382,375",2020
541349,"20,127,847,508",2020
525679,"-30,981,179,788",2020
114808,"80,030,775,023",2020
580199,"-42,138,869,072",2020
556907,"-76,651,530,824",2020
181299,"7,123,686,765",2020
545734,"40,814,363,877",2020
545929,"27,535,895,606",2020
411048,"10,963,515,972",2020
530185,"63,370,138,098",2020
693554,"961,268,529",2020
623661,"41,604,481,773",2020
808022,"-12,836,486,686",2020
842619,"-8,826,761,782",2020
838005,"-2,243,038,085",2020
989619,"-17,691,529,370",2020
1074862,"28,524,347,252",2020
1078178,"537,165,717",2020
1090471,"-4,123,180,525",2020
1029394,"69,589,601,195",2020
1336373,"-25,352,138,751",2020
1182444,"-17,936,565,565",2020
1181515,"12,944,498,714",2020
104519,"-21,631,882,349",2020
107677,"-50,687,578,072",2020
167208,"-53,538,921,663",2020
150439,"7,311,009,761",2020
132868,"-46,868,786,635",2020
134176,"-14,098,088",2020
159564,"-1,069,421,232",2020
480950,"-21,818,719,885",2020
458234,"-9,692,628,875",2020
110750,"2,480,666,210",2020
161781,"-49,742,103,200",2020
306162,"87,696,218,805",2020
788773,"669,138,824,047",2020
1061558,"37,761,329,467",2020
536523,"-11,668,183,253",2020