corp_code,직원 수,연도
00106641,1587,2022
00138279,51,2022
00155355,37,2022
00190321,721,2022
00181712,164,2022
00266961,119,2022
00124504,26,2022
00631518,72,2022
00113410,144,2022
00117212,35,2022
00109693,11,2022
00146083,5,2022
00160047,57.0,2022
00113508,2.0,2022
00116824,1.0,2022
00164779,88,2022
00164478,2456,2022
00160588,1166,2022
00160843,37,2022
00148540,8,2022
00120076,10,2022
00113207,18.0,2022
00121941,807,2022
00131780,326,2022
00117577,0.0,2022
00163512,31.0,2022
00161046,38,2022
00154462,1.0,2022
00117230,231,2022
00126955,359,2022
00138224,87.0,2022
00113526,338.0,2022
00120021,8.0,2022
00157681,9,2022
00145880,385,2022
00171636,2,2022
00136378,5,2022
00125743,26,2022
00157399,32,2022
00117188,100.0,2022
00120562,13,2022
00124726,211,2022
00120571,661,2022
00164742,7849,2022
00131832,16,2022
00105952,2.0,2022
00120030,561.0,2022
00126362,935,2022
00140177,1230.0,2022
00141529,49,2022
00109189,0.0,2022
00165680,431,2022
00161426,9,2022
00126371,830.0,2022
00136086,0.0,2022
00161693,41.0,2022
00119007,3.0,2022
00162461,194,2022
00140964,8,2022
00148896,90.0,2022
00105855,139,2022
00103626,1.0,2022
00164609,66,2022
00105961,4751,2022
00165413,154,2022
00164645,108,2022
00106623,84.0,2022
00164812,11.0,2022
00139889,9,2022
00164788,531,2022
00126566,161,2022
00158501,590,2022
00140955,94,2022
00159023,270,2022
00164724,127,2022
00139454,56,2022
00126186,72.0,2022
00144164,52,2022
00188089,94,2022
00170558,137,2022
00120526,55.0,2022
00203582,5,2022
00219097,6.0,2022
00126308,1543,2022
00149655,499.0,2022
00234412,119,2022
00274933,127,2022
00231363,170,2022
00244455,312,2022
00255619,953,2022
00258801,220,2022
00261443,400,2022
00260408,2.0,2022
00220561,0.0,2022
00160232,5.0,2022
00124540,2167,2022
00309503,869,2022
00356370,43.0,2022
00349097,0.0,2022
00413523,471,2022
00412597,26.0,2022
00372882,1060.0,2022
00372873,891,2022
00302926,310,2022
00401731,1360,2022
00201450,80,2022
00428251,0.0,2022
00159698,2,2022
00158307,60,2022
00500254,10,2022
00303873,865,2022
00300548,37,2022
00503668,114.0,2022
00362238,50,2022
00195229,6.0,2022
00361008,11,2022
00539274,2,2022
00360595,240.0,2022
00583442,16,2022
00583424,279,2022
00635134,75,2022
00759513,78.0,2022
00795135,221,2022
00828497,92,2022
00872984,0.0,2022
00896285,82,2022
00956930,10,2022
00983040,1,2022
00992871,35,2022
01009789,17,2022
01032413,329,2022
01036446,3.0,2022
00877059,824,2022
00508344,14,2022
01060744,64,2022
00565154,40,2022
01168383,31,2022
01208885,33,2022
01238169,16.0,2022
00339391,280,2022
01263022,511,2022
01267170,176,2022
01262032,116,2022
01316236,168,2022
01316227,146.0,2022
01316245,568.0,2022
01316254,106,2022
00362441,45.0,2022
00148364,0.0,2022
00265324,26.0,2022
00260958,87,2022
00228536,34,2022
00127954,310.0,2022
00347062,6,2022
00871833,88.0,2022
00126937,38,2022
00150244,137,2022
00145109,43,2022
00148993,0.0,2022
00129387,46,2022
00109286,412,2022
00104768,22,2022
00163691,0.0,2022
00114792,39.0,2022
00138190,9,2022
00149354,2,2022
00128971,909,2022
00138701,0.0,2022
00114552,550.0,2022
00103006,56,2022
00173874,88.0,2022
00105271,178,2022
00132211,20,2022
00124197,2.0,2022
00146269,51,2022
00153393,106.0,2022
00162993,1,2022
00141149,18,2022
00113544,9,2022
00107598,125,2022
00109718,48,2022
00157991,0.0,2022
00108241,123,2022
00127802,5.0,2022
00130879,20.0,2022
00128555,12.0,2022
00118266,7,2022
00132804,8,2022
00125150,6.0,2022
00108135,3,2022
00125530,110,2022
00167192,91,2022
00125521,791,2022
00126380,1154,2022
00166227,0.0,2022
00129679,197,2022
00164672,0.0,2022
00125080,1.0,2022
00124799,248.0,2022
00107613,85,2022
00126487,0.0,2022
00163114,0.0,2022
00140946,31,2022
00153861,668.0,2022
00101488,178,2022
00126478,203,2022
00166315,92,2022
00115977,92.0,2022
00106368,68,2022
00102618,1.0,2022
00143527,1.0,2022
00164636,1.0,2022
00166272,0.0,2022
00159786,12.0,2022
00105101,7.0,2022
00159193,138,2022
00130684,13,2022
00165583,13,2022
00159795,7,2022
00161125,176,2022
00133991,18.0,2022
00108913,151,2022
00176914,15.0,2022
00203290,0.0,2022
00122737,312,2022
00148276,30,2022
00105873,274,2022
00217947,181,2022
00158316,2,2022
00219486,12,2022
00261285,0.0,2022
00225159,0.0,2022
00222532,15,2022
00219574,0.0,2022
00340917,127,2022
00356361,324,2022
00159209,101,2022
00256955,4.0,2022
00377610,6,2022
00390055,0.0,2022
00413046,136,2022
00459871,0.0,2022
00481454,52,2022
00480455,39,2022
00400857,4.0,2022
00357935,5.0,2022
00555874,179,2022
00595191,7,2022
00414850,655,2022
00628189,490,2022
00679314,39,2022
00684714,638,2022
00776820,41,2022
00557508,3.0,2022
00194947,581,2022
00855093,7,2022
00241005,7,2022
00937324,409,2022
00939331,0.0,2022
00939687,24.0,2022
00983271,17,2022
00990165,6.0,2022
00101664,7,2022
00911955,2,2022
01108099,5.0,2022
01032486,7,2022
01128613,0.0,2022
00904672,34,2022
00653024,114,2022
01060814,6,2022
01319808,13,2022
01325979,37,2022
00118804,28,2022
00158325,283,2022
00252135,6,2022
00223762,18,2022
00130763,18,2022
00298270,12,2022
00358271,63,2022
00398701,0.0,2022
00579980,3.0,2022
00536541,4,2022
00486097,6,2022
00447609,226,2022
00554024,3.0,2022
00579999,19,2022
00525934,44,2022
00857727,0.0,2022
00549891,14,2022
01135941,36,2022
01234507,83,2022
00119195,19,2022
00144818,15,2022
00111847,12.0,2022
00148984,70,2022
00128032,13,2022
00149026,0.0,2022
00151395,11.0,2022
00166519,19.0,2022
00100939,59,2022
00144252,0.0,2022
00134723,0.0,2022
00149947,63,2022
00113243,0.0,2022
00106395,2.0,2022
00122472,6,2022
00122579,30,2022
00113234,22.0,2022
00159740,0.0,2022
00152862,0.0,2022
00101433,18,2022
00127042,0.0,2022
00158112,0.0,2022
00138729,7,2022
00136457,1.0,2022
00174527,93,2022
00148443,0.0,2022
00117300,0.0,2022
00104722,8,2022
00127167,0.0,2022
00158149,4,2022
00165343,4,2022
00152880,947,2022
00132725,8,2022
00111810,5,2022
00118275,2.0,2022
00111999,45,2022
00163673,1.0,2022
00164706,20,2022
00133812,115,2022
00109806,14.0,2022
00129235,14.0,2022
00133858,218,2022
00113492,14.0,2022
00172936,19,2022
00148920,20,2022
00129989,17.0,2022
00163716,6,2022
00168331,0.0,2022
00121288,10.0,2022
00160302,2,2022
00156691,127.0,2022
00128412,24,2022
00127200,14,2022
00145163,1.0,2022
00153126,28,2022
00155531,48,2022
00143794,0.0,2022
00111421,20,2022
00113535,12,2022
00145552,31,2022
00118026,38.0,2022
00126779,33,2022
00159254,0.0,2022
00108977,7.0,2022
00159810,3,2022
00260383,19,2022
00141404,5,2022
00122898,14.0,2022
00124090,20,2022
00130091,0.0,2022
00104388,3.0,2022
00152686,59,2022
00154329,14,2022
00137252,9.0,2022
00131692,0.0,2022
00145260,18.0,2022
00103042,41,2022
00138260,20.0,2022
00136864,69,2022
00103592,50,2022
00153621,2.0,2022
00162586,13,2022
00159971,0.0,2022
00151128,0.0,2022
00160205,0.0,2022
00102858,184,2022
00141273,0.0,2022
00155124,0.0,2022
00139764,0.0,2022
00129013,32,2022
00137207,0.0,2022
00138297,3.0,2022
00136271,8,2022
00163345,39,2022
00141477,41.0,2022
00172291,44,2022
00173102,8,2022
00146232,111,2022
00117179,1.0,2022
00140779,0.0,2022
00105156,2.0,2022
00124780,0.0,2022
00132637,25.0,2022
00112679,3.0,2022
00153339,0.0,2022
00113614,15,2022
00161976,0.0,2022
00166573,58,2022
00108940,0.0,2022
00119672,22,2022
00161709,3.0,2022
00143651,17,2022
00121039,13.0,2022
00142883,13,2022
00152729,36,2022
00149239,42,2022
00137359,12.0,2022
00118965,40,2022
00140131,42.0,2022
00198697,1.0,2022
00131197,0.0,2022
00121534,1.0,2022
00159500,531,2022
00112022,0.0,2022
00181943,0.0,2022
00145464,53.0,2022
00107987,23.0,2022
00133706,0.0,2022
00209780,7,2022
00231372,14,2022
00158963,0.0,2022
00134510,7,2022
00121543,161,2022
00130772,95,2022
00129642,29,2022
00369833,1.0,2022
00303217,0.0,2022
00159218,155,2022
00353878,8.0,2022
00398792,43,2022
00428729,0.0,2022
00435312,9,2022
00210856,39,2022
00406046,15,2022
00414601,0.0,2022
00454946,3.0,2022
00113225,5,2022
00540641,10,2022
00409672,14,2022
00573579,58.0,2022
00671376,267,2022
00589127,2.0,2022
00587466,0.0,2022
00117726,58,2022
00593032,168,2022
00365387,14,2022
00632304,7,2022
00520887,77,2022
00648721,1.0,2022
00428321,28,2022
00145598,17,2022
00687711,0.0,2022
00728638,16,2022
00173944,2,2022
00753643,0.0,2022
00670340,1.0,2022
00787376,10.0,2022
00360142,24,2022
00823429,0.0,2022
00815369,0.0,2022
00151368,6.0,2022
00661847,11,2022
00119140,5,2022
00526599,21,2022
00110608,0.0,2022
01010110,4.0,2022
00132354,3,2022
01059605,64,2022
01093007,1.0,2022
00225706,11,2022
01167056,105,2022
01205329,134,2022
01261893,34,2022
01267684,233,2022
00248974,61.0,2022
01310269,766,2022
00367844,1503,2022
01412822,11.0,2022
00128111,52,2022
00141671,24,2022
00216647,19,2022
00238782,9.0,2022
00226352,0.0,2022
00171265,43,2022
00258689,2.0,2022
00247975,10,2022
00239639,53.0,2022
00260930,20,2022
00187415,2.0,2022
00280688,9,2022
00369170,43,2022
00306454,4.0,2022
00353610,21,2022
00228350,0.0,2022
00225742,3.0,2022
00364467,20,2022
00378628,4,2022
00245472,4.0,2022
00399694,42,2022
00405320,2.0,2022
00104573,15.0,2022
00476498,130,2022
00177816,1.0,2022
00531014,0.0,2022
00359395,7,2022
00490151,0.0,2022
00524421,0.0,2022
00525642,18.0,2022
00444329,24,2022
00613318,21,2022
00612294,1.0,2022
00888347,18,2022
00366137,1.0,2022
01032404,6.0,2022
01061327,11,2022
00970453,16,2022
01067516,13,2022
00819073,30.0,2022
01159853,28,2022
01160363,50.0,2022
01168684,13,2022
01152470,87,2022
01237540,139,2022
01236532,4.0,2022
00897752,0.0,2022
01256864,0.0,2022
00112378,0.0,2022
00101628,44,2022
00133335,2,2022
00126089,25.0,2022
00141307,15.0,2022
00104698,12,2022
00145686,13,2022
00123541,21,2022
00147222,0.0,2022
00159573,0.0,2022
00112970,27,2022
00120872,0.0,2022
00107066,350,2022
00126414,0.0,2022
00152039,2.0,2022
00101220,12,2022
00154055,0.0,2022
00125974,21,2022
00117337,88,2022
00118345,21,2022
00148948,2,2022
00148461,2.0,2022
00106119,0.0,2022
00114765,16.0,2022
00117027,5.0,2022
00129350,7,2022
00102751,3.0,2022
00116268,30,2022
00163196,13.0,2022
00122694,29,2022
00133618,0.0,2022
00127857,2.0,2022
00149345,9,2022
00141626,0.0,2022
00118451,0.0,2022
00173698,11,2022
00123107,2.0,2022
00150828,179,2022
00121932,0.0,2022
00149804,9.0,2022
00174004,15,2022
00106313,364,2022
00123718,53,2022
00146214,1.0,2022
00160621,0.0,2022
00154426,19,2022
00122348,0.0,2022
00122056,0.0,2022
00161860,335.0,2022
00133511,3.0,2022
00115287,37.0,2022
00108038,19,2022
00172185,0.0,2022
00134963,5,2022
00148939,0.0,2022
00135050,6,2022
00138057,0.0,2022
00114093,15.0,2022
00109514,2.0,2022
00127158,0.0,2022
00162063,276,2022
00135962,379.0,2022
00156488,25,2022
00124151,18,2022
00136341,149.0,2022
00109754,4.0,2022
00136624,3.0,2022
00115612,365,2022
00141875,136,2022
00260392,0.0,2022
00122825,0.0,2022
00109824,21.0,2022
00126201,25,2022
00136402,0.0,2022
00109161,19.0,2022
00146296,20,2022
00104786,4.0,2022
00146454,7.0,2022
00115384,12,2022
00131939,0.0,2022
00157104,5,2022
00145446,5,2022
00107224,0.0,2022
00121570,1.0,2022
00146542,0.0,2022
00104999,11.0,2022
00138516,137,2022
00168401,0.0,2022
00117629,7.0,2022
00102140,0.0,2022
00111111,0.0,2022
00111689,0.0,2022
00163761,0.0,2022
00129271,0.0,2022
00128227,24,2022
00143262,0.0,2022
00160375,0.0,2022
00166500,15,2022
00148522,8,2022
00128980,0.0,2022
00118521,0.0,2022
00129280,0.0,2022
00153524,0.0,2022
00124027,5.0,2022
00129554,9,2022
00160861,0.0,2022
00162072,22,2022
00145437,0.0,2022
00141413,0.0,2022
00102113,21,2022
00112651,16,2022
00102432,622,2022
00129420,28.0,2022
00156354,39,2022
00150633,0.0,2022
00129509,22,2022
00111458,0.0,2022
00105299,5.0,2022
00122481,9.0,2022
00132628,1.0,2022
00106881,0.0,2022
00134565,18.0,2022
00143314,3.0,2022
00108746,12.0,2022
00146649,0.0,2022
00135777,0.0,2022
00103662,8.0,2022
00135111,7.0,2022
00118008,0.0,2022
00138792,86,2022
00134316,0.0,2022
00191588,6,2022
00115065,17.0,2022
00103510,0.0,2022
00180795,0.0,2022
00121969,27.0,2022
00142865,43,2022
00177199,0.0,2022
00114154,168,2022
00191472,20,2022
00157070,84,2022
00197759,7,2022
00136776,0.0,2022
00123781,2.0,2022
00144395,11,2022
00204208,38.0,2022
00178754,28.0,2022
00135795,4,2022
00118044,86,2022
00273615,2.0,2022
00186559,84,2022
00218575,13.0,2022
00193009,1.0,2022
00146861,141,2022
00125576,0.0,2022
00145862,14,2022
00122551,0.0,2022
00249247,9,2022
00161383,6.0,2022
00269241,0.0,2022
00347734,0.0,2022
00422895,109,2022
00423690,95.0,2022
00427483,20,2022
00357360,14,2022
00151298,0.0,2022
00365989,25.0,2022
00416654,0.0,2022
00469799,3,2022
00305668,20,2022
00415628,62,2022
00361488,0.0,2022
00508274,0.0,2022
00540605,382,2022
00172228,370,2022
00557933,22,2022
00442835,0.0,2022
00585219,22,2022
00112165,700,2022
00106614,4.0,2022
00441243,16,2022
00646732,0.0,2022
00652423,0.0,2022
00681142,0.0,2022
00683469,37,2022
00706715,1.0,2022
00226316,6,2022
00561866,15.0,2022
00797364,34,2022
00796994,0.0,2022
00828789,69.0,2022
00855163,1,2022
00852087,0.0,2022
00415646,0.0,2022
00332927,1.0,2022
00105606,15.0,2022
00816544,0.0,2022
01234297,3.0,2022
01236897,30,2022
01262458,0.0,2022
00651901,37,2022
00128546,10,2022
00130383,266.0,2022
00117276,24.0,2022
00137915,42,2022
00141246,251,2022
00105466,309.0,2022
00184667,24,2022
00173032,13.0,2022
00197476,0.0,2022
00158219,0.0,2022
00155948,158,2022
00227333,117,2022
00264547,19,2022
00301246,0.0,2022
00141389,13.0,2022
00265041,8.0,2022
00246417,21,2022
00263654,0.0,2022
00230425,3,2022
00405278,16,2022
00313649,0.0,2022
00369657,20,2022
00375931,45.0,2022
00523307,143,2022
00541349,130,2022
00525679,35,2022
00114808,51,2022
00580199,90,2022
00556907,4,2022
00181299,29,2022
00545734,0.0,2022
00545929,2,2022
00411048,0.0,2022
00530185,39.0,2022
00693554,18,2022
00623661,9.0,2022
00808022,0.0,2022
00842619,4.0,2022
00838005,9,2022
00989619,0.0,2022
01074862,627,2022
01078178,0.0,2022
01090471,1.0,2022
01029394,0.0,2022
01336373,0.0,2022
01182444,0.0,2022
01181515,3.0,2022
00104519,1.0,2022
00107677,0.0,2022
00167208,190.0,2022
00150439,4,2022
00132868,0.0,2022
00134176,0.0,2022
00159564,7.0,2022
00480950,0.0,2022
00458234,15,2022
00110750,0.0,2022
00161781,14.0,2022
00306162,7.0,2022
00788773,39.0,2022
01061558,7,2022
00536523,0.0,2022
00106641,939,2021
00138279,35.0,2021
00155355,18,2021
00190321,672,2021
00181712,167,2021
00266961,152,2021
00124504,36,2021
00631518,68,2021
00113410,152,2021
00117212,23,2021
00109693,10,2021
00146083,6,2021
00160047,39.0,2021
00113508,1.0,2021
00116824,0.0,2021
00164779,79,2021
00164478,2117,2021
00160588,148,2021
00160843,25,2021
00148540,6,2021
00120076,10,2021
00113207,17.0,2021
00121941,584,2021
00131780,73,2021
00117577,1.0,2021
00163512,137.0,2021
00161046,42,2021
00154462,1.0,2021
00117230,83,2021
00126955,69,2021
00138224,112,2021
00113526,232.0,2021
00120021,3,2021
00157681,39,2021
00145880,410,2021
00171636,1.0,2021
00136378,3,2021
00125743,7,2021
00157399,32,2021
00117188,96.0,2021
00120562,5,2021
00124726,183,2021
00120571,427,2021
00164742,5980,2021
00131832,14,2021
00105952,4.0,2021
00120030,1488,2021
00126362,928,2021
00140177,1139.0,2021
00141529,59,2021
00109189,0.0,2021
00165680,450,2021
00161426,1.0,2021
00126371,544.0,2021
00136086,21.0,2021
00161693,49.0,2021
00119007,2.0,2021
00162461,183.0,2021
00140964,9,2021
00148896,134.0,2021
00105855,129,2021
00103626,2.0,2021
00164609,50,2021
00105961,4416,2021
00165413,150,2021
00164645,120,2021
00106623,83.0,2021
00164812,8,2021
00139889,6,2021
00164788,452,2021
00126566,35,2021
00158501,283,2021
00140955,98.0,2021
00159023,297,2021
00164724,129,2021
00139454,54.0,2021
00126186,74.0,2021
00144164,51,2021
00188089,116,2021
00170558,141,2021
00120526,111.0,2021
00203582,5,2021
00219097,6.0,2021
00126308,1259,2021
00149655,2198.0,2021
00234412,73,2021
00274933,85,2021
00231363,236,2021
00244455,199,2021
00255619,268.0,2021
00258801,169,2021
00261443,330,2021
00260408,4.0,2021
00220561,0.0,2021
00160232,2.0,2021
00124540,1739,2021
00309503,896,2021
00356370,8.0,2021
00349097,0.0,2021
00413523,450,2021
00412597,29,2021
00372882,2357,2021
00372873,796,2021
00302926,272.0,2021
00401731,2468,2021
00201450,85,2021
00428251,0.0,2021
00159698,1.0,2021
00158307,110,2021
00500254,13,2021
00303873,565,2021
00300548,39,2021
00503668,139.0,2021
00362238,33,2021
00195229,6.0,2021
00361008,13,2021
00539274,1.0,2021
00360595,250,2021
00583442,15,2021
00583424,298,2021
00635134,77,2021
00759513,114.0,2021
00795135,198,2021
00828497,127,2021
00872984,0.0,2021
00896285,67,2021
00956930,6,2021
00983040,1,2021
00992871,56,2021
01009789,12,2021
01032413,406,2021
01036446,3,2021
00877059,532,2021
00508344,20,2021
01060744,16,2021
00565154,31,2021
01168383,30,2021
01208885,32,2021
01238169,16.0,2021
00339391,190,2021
01263022,524,2021
01267170,150,2021
01262032,107,2021
01316236,162,2021
01316227,122.0,2021
01316245,408.0,2021
01316254,36,2021
00362441,45.0,2021
00148364,0.0,2021
00265324,22.0,2021
00260958,36,2021
00228536,32,2021
00127954,112.0,2021
00347062,1.0,2021
00871833,76.0,2021
00126937,49,2021
00150244,143,2021
00145109,29,2021
00148993,0.0,2021
00129387,50,2021
00109286,471,2021
00104768,22.0,2021
00163691,1.0,2021
00114792,111.0,2021
00138190,13,2021
00149354,1.0,2021
00128971,349,2021
00138701,0.0,2021
00114552,468.0,2021
00103006,48,2021
00173874,73.0,2021
00105271,205,2021
00132211,30,2021
00124197,1.0,2021
00146269,13,2021
00153393,144.0,2021
00162993,0.0,2021
00141149,6,2021
00113544,5,2021
00107598,122.0,2021
00109718,29,2021
00157991,0.0,2021
00108241,140,2021
00127802,1.0,2021
00130879,18,2021
00128555,19.0,2021
00118266,2,2021
00132804,8,2021
00125150,3.0,2021
00108135,3,2021
00125530,89,2021
00167192,128,2021
00125521,484,2021
00126380,1234,2021
00166227,0.0,2021
00129679,94,2021
00164672,1.0,2021
00125080,1.0,2021
00124799,299.0,2021
00107613,18,2021
00126487,0.0,2021
00163114,0.0,2021
00140946,23,2021
00153861,593.0,2021
00101488,249,2021
00126478,133,2021
00166315,81,2021
00115977,72.0,2021
00106368,74.0,2021
00102618,0.0,2021
00143527,0.0,2021
00164636,0.0,2021
00166272,2.0,2021
00159786,16.0,2021
00105101,0.0,2021
00159193,126,2021
00130684,24,2021
00165583,13,2021
00159795,8,2021
00161125,147,2021
00133991,10.0,2021
00108913,86.0,2021
00176914,15.0,2021
00203290,0.0,2021
00122737,314,2021
00148276,25,2021
00105873,88,2021
00217947,192,2021
00158316,3,2021
00219486,5.0,2021
00261285,0.0,2021
00225159,0.0,2021
00222532,5,2021
00219574,0.0,2021
00340917,126,2021
00356361,282,2021
00159209,190,2021
00256955,2,2021
00377610,3,2021
00390055,0.0,2021
00413046,123,2021
00459871,0.0,2021
00481454,50,2021
00480455,18,2021
00400857,11,2021
00357935,3.0,2021
00555874,161,2021
00595191,4.0,2021
00414850,1173,2021
00628189,500,2021
00679314,4,2021
00684714,485,2021
00776820,55,2021
00557508,4,2021
00194947,440,2021
00855093,10,2021
00241005,7,2021
00937324,183,2021
00939331,0.0,2021
00939687,33.0,2021
00983271,25,2021
00990165,8,2021
00101664,3.0,2021
00911955,2,2021
01108099,2.0,2021
01032486,5,2021
01128613,0.0,2021
00904672,30,2021
00653024,63.0,2021
01060814,10,2021
01319808,7,2021
01325979,26,2021
00118804,23,2021
00158325,264,2021
00252135,4,2021
00223762,16,2021
00130763,79,2021
00298270,18,2021
00358271,57,2021
00398701,0.0,2021
00579980,2.0,2021
00536541,4,2021
00486097,23,2021
00447609,213,2021
00554024,5.0,2021
00579999,19,2021
00525934,35,2021
00857727,0.0,2021
00549891,14,2021
01135941,35,2021
01234507,110,2021
00119195,15,2021
00144818,5,2021
00111847,8,2021
00148984,57,2021
00128032,12,2021
00149026,0.0,2021
00151395,0.0,2021
00166519,14.0,2021
00100939,64,2021
00144252,0.0,2021
00134723,0.0,2021
00149947,45,2021
00113243,18.0,2021
00106395,0.0,2021
00122472,5,2021
00122579,29,2021
00113234,21.0,2021
00159740,0.0,2021
00152862,0.0,2021
00101433,11,2021
00127042,0.0,2021
00158112,0.0,2021
00138729,8,2021
00136457,1.0,2021
00174527,75,2021
00148443,0.0,2021
00117300,1.0,2021
00104722,12,2021
00127167,1.0,2021
00158149,2,2021
00165343,2.0,2021
00152880,861.0,2021
00132725,9,2021
00111810,8,2021
00118275,0.0,2021
00111999,26,2021
00163673,1.0,2021
00164706,8.0,2021
00133812,62,2021
00109806,13.0,2021
00129235,12.0,2021
00133858,216,2021
00113492,8.0,2021
00172936,25,2021
00148920,19,2021
00129989,23.0,2021
00163716,0.0,2021
00168331,0.0,2021
00121288,7,2021
00160302,5,2021
00156691,55.0,2021
00128412,11,2021
00127200,23,2021
00145163,1.0,2021
00153126,29,2021
00155531,36,2021
00143794,0.0,2021
00111421,13,2021
00113535,16,2021
00145552,27,2021
00118026,34.0,2021
00126779,38,2021
00159254,0.0,2021
00108977,9.0,2021
00159810,13.0,2021
00260383,12.0,2021
00141404,3.0,2021
00122898,9.0,2021
00124090,8,2021
00130091,0.0,2021
00104388,2.0,2021
00152686,211,2021
00154329,13,2021
00137252,11,2021
00131692,0.0,2021
00145260,27.0,2021
00103042,37.0,2021
00138260,32,2021
00136864,72.0,2021
00103592,31,2021
00153621,2.0,2021
00162586,8,2021
00159971,0.0,2021
00151128,1.0,2021
00160205,0.0,2021
00102858,102.0,2021
00141273,0.0,2021
00155124,0.0,2021
00139764,0.0,2021
00129013,36,2021
00137207,0.0,2021
00138297,3,2021
00136271,10,2021
00163345,57,2021
00141477,46.0,2021
00172291,24,2021
00173102,7,2021
00146232,79,2021
00117179,1.0,2021
00140779,0.0,2021
00105156,2.0,2021
00124780,0.0,2021
00132637,35.0,2021
00112679,2.0,2021
00153339,0.0,2021
00113614,8,2021
00161976,2,2021
00166573,29,2021
00108940,0.0,2021
00119672,18.0,2021
00161709,7,2021
00143651,177,2021
00121039,10.0,2021
00142883,12.0,2021
00152729,27,2021
00149239,47,2021
00137359,9.0,2021
00118965,25,2021
00140131,0.0,2021
00198697,0.0,2021
00131197,0.0,2021
00121534,3,2021
00159500,437,2021
00112022,0.0,2021
00181943,0.0,2021
00145464,46.0,2021
00107987,24.0,2021
00133706,0.0,2021
00209780,8,2021
00231372,17,2021
00158963,0.0,2021
00134510,10,2021
00121543,181,2021
00130772,30.0,2021
00129642,17,2021
00369833,0.0,2021
00303217,0.0,2021
00159218,227,2021
00353878,9.0,2021
00398792,28,2021
00428729,0.0,2021
00435312,8,2021
00210856,29,2021
00406046,8,2021
00414601,0.0,2021
00454946,3.0,2021
00113225,4,2021
00540641,12,2021
00409672,17.0,2021
00573579,81.0,2021
00671376,118,2021
00589127,48,2021
00587466,0.0,2021
00117726,38,2021
00593032,87,2021
00365387,9,2021
00632304,6,2021
00520887,62,2021
00648721,0.0,2021
00428321,29,2021
00145598,7,2021
00687711,0.0,2021
00728638,0.0,2021
00173944,4,2021
00753643,0.0,2021
00670340,3,2021
00787376,7.0,2021
00360142,24,2021
00823429,0.0,2021
00815369,0.0,2021
00151368,10,2021
00661847,15,2021
00119140,6,2021
00526599,28,2021
00110608,0.0,2021
01010110,7,2021
00132354,2,2021
01059605,76,2021
01093007,0.0,2021
00225706,21,2021
01167056,108,2021
01205329,110,2021
01261893,17,2021
01267684,150,2021
00248974,56.0,2021
01310269,760,2021
00367844,2037,2021
01412822,8.0,2021
00128111,70,2021
00141671,17,2021
00216647,92,2021
00238782,6.0,2021
00226352,0.0,2021
00171265,42.0,2021
00258689,6,2021
00247975,15,2021
00239639,2.0,2021
00260930,28,2021
00187415,2.0,2021
00280688,11,2021
00369170,112,2021
00306454,6.0,2021
00353610,18,2021
00228350,0.0,2021
00225742,1.0,2021
00364467,20,2021
00378628,8,2021
00245472,6.0,2021
00399694,26,2021
00405320,10,2021
00104573,14.0,2021
00476498,89,2021
00177816,1.0,2021
00531014,0.0,2021
00359395,4,2021
00490151,0.0,2021
00524421,0.0,2021
00525642,20,2021
00444329,16,2021
00613318,16,2021
00612294,0.0,2021
00888347,22,2021
00366137,1.0,2021
01032404,16,2021
01061327,0.0,2021
00970453,6,2021
01067516,13,2021
00819073,49,2021
01159853,21,2021
01160363,50,2021
01168684,19,2021
01152470,141,2021
01237540,114,2021
01236532,0.0,2021
00897752,0.0,2021
01256864,0.0,2021
00112378,0.0,2021
00101628,44,2021
00133335,1.0,2021
00126089,29.0,2021
00141307,17.0,2021
00104698,9,2021
00145686,14,2021
00123541,20,2021
00147222,0.0,2021
00159573,0.0,2021
00112970,24,2021
00120872,0.0,2021
00107066,318,2021
00126414,3,2021
00152039,5.0,2021
00101220,12,2021
00154055,0.0,2021
00125974,27,2021
00117337,66,2021
00118345,28,2021
00148948,1,2021
00148461,3.0,2021
00106119,0.0,2021
00114765,5.0,2021
00117027,7.0,2021
00129350,6,2021
00102751,7.0,2021
00116268,17,2021
00163196,11,2021
00122694,31.0,2021
00133618,0.0,2021
00127857,2.0,2021
00149345,12,2021
00141626,0.0,2021
00118451,0.0,2021
00173698,15,2021
00123107,0.0,2021
00150828,144,2021
00121932,0.0,2021
00149804,9.0,2021
00174004,13,2021
00106313,370,2021
00123718,28,2021
00146214,1.0,2021
00160621,0.0,2021
00154426,6,2021
00122348,0.0,2021
00122056,0.0,2021
00161860,363.0,2021
00133511,2.0,2021
00115287,35.0,2021
00108038,23,2021
00172185,0.0,2021
00134963,5,2021
00148939,0.0,2021
00135050,21,2021
00138057,0.0,2021
00114093,11.0,2021
00109514,3.0,2021
00127158,0.0,2021
00162063,262,2021
00135962,384.0,2021
00156488,29,2021
00124151,25,2021
00136341,134.0,2021
00109754,23.0,2021
00136624,3.0,2021
00115612,325,2021
00141875,152,2021
00260392,0.0,2021
00122825,0.0,2021
00109824,21.0,2021
00126201,30,2021
00136402,0.0,2021
00109161,20.0,2021
00146296,20,2021
00104786,3.0,2021
00146454,4,2021
00115384,11,2021
00131939,0.0,2021
00157104,6,2021
00145446,7,2021
00107224,1.0,2021
00121570,0.0,2021
00146542,0.0,2021
00104999,14.0,2021
00138516,0.0,2021
00168401,0.0,2021
00117629,6,2021
00102140,0.0,2021
00111111,0.0,2021
00111689,0.0,2021
00163761,0.0,2021
00129271,0.0,2021
00128227,16.0,2021
00143262,0.0,2021
00160375,0.0,2021
00166500,13,2021
00148522,8,2021
00128980,0.0,2021
00118521,3.0,2021
00129280,0.0,2021
00153524,0.0,2021
00124027,13,2021
00129554,43,2021
00160861,0.0,2021
00162072,11.0,2021
00145437,0.0,2021
00141413,0.0,2021
00102113,26,2021
00112651,15,2021
00102432,543,2021
00129420,30,2021
00156354,44,2021
00150633,0.0,2021
00129509,24,2021
00111458,0.0,2021
00105299,11.0,2021
00122481,11.0,2021
00132628,1.0,2021
00106881,0.0,2021
00134565,16.0,2021
00143314,4.0,2021
00108746,8.0,2021
00146649,1.0,2021
00135777,0.0,2021
00103662,6.0,2021
00135111,7.0,2021
00118008,1,2021
00138792,90,2021
00134316,0.0,2021
00191588,3,2021
00115065,3.0,2021
00103510,0.0,2021
00180795,0.0,2021
00121969,27.0,2021
00142865,43,2021
00177199,0.0,2021
00114154,102,2021
00191472,13,2021
00157070,63,2021
00197759,4,2021
00136776,0.0,2021
00123781,5.0,2021
00144395,12,2021
00204208,28.0,2021
00178754,25.0,2021
00135795,5.0,2021
00118044,79,2021
00273615,9,2021
00186559,68,2021
00218575,11.0,2021
00193009,2.0,2021
00146861,67,2021
00125576,0.0,2021
00145862,12,2021
00122551,0.0,2021
00249247,4,2021
00161383,4.0,2021
00269241,4,2021
00347734,1.0,2021
00422895,61,2021
00423690,115.0,2021
00427483,22,2021
00357360,6,2021
00151298,0.0,2021
00365989,20,2021
00416654,0.0,2021
00469799,0.0,2021
00305668,24,2021
00415628,61,2021
00361488,0.0,2021
00508274,2,2021
00540605,244,2021
00172228,53,2021
00557933,27,2021
00442835,0.0,2021
00585219,12,2021
00112165,703,2021
00106614,4.0,2021
00441243,9.0,2021
00646732,0.0,2021
00652423,0.0,2021
00681142,0.0,2021
00683469,25,2021
00706715,1.0,2021
00226316,8,2021
00561866,26,2021
00797364,44,2021
00796994,0.0,2021
00828789,73.0,2021
00855163,1,2021
00852087,0.0,2021
00415646,0.0,2021
00332927,3.0,2021
00105606,16,2021
00816544,1.0,2021
01234297,1.0,2021
01236897,33,2021
01262458,0.0,2021
00651901,32,2021
00128546,4,2021
00130383,185.0,2021
00117276,0.0,2021
00137915,36,2021
00141246,187,2021
00105466,217.0,2021
00184667,25,2021
00173032,11.0,2021
00197476,0.0,2021
00158219,0.0,2021
00155948,144.0,2021
00227333,27,2021
00264547,17,2021
00301246,2.0,2021
00141389,7.0,2021
00265041,7.0,2021
00246417,22,2021
00263654,0.0,2021
00230425,2,2021
00405278,17,2021
00313649,0.0,2021
00369657,19,2021
00375931,41.0,2021
00523307,125.0,2021
00541349,143,2021
00525679,28,2021
00114808,67,2021
00580199,43,2021
00556907,23,2021
00181299,34,2021
00545734,0.0,2021
00545929,2,2021
00411048,0.0,2021
00530185,58,2021
00693554,18,2021
00623661,8.0,2021
00808022,0.0,2021
00842619,5.0,2021
00838005,10,2021
00989619,0.0,2021
01074862,426,2021
01078178,0.0,2021
01090471,2,2021
01029394,0.0,2021
01336373,1,2021
01182444,0.0,2021
01181515,4.0,2021
00104519,2.0,2021
00107677,0.0,2021
00167208,182.0,2021
00150439,4,2021
00132868,0.0,2021
00134176,0.0,2021
00159564,5.0,2021
00480950,0.0,2021
00458234,14,2021
00110750,0.0,2021
00161781,24,2021
00306162,14.0,2021
00788773,56,2021
01061558,7,2021
00536523,0.0,2021
00106641,444,2020
00138279,48.0,2020
00155355,17,2020
00190321,597,2020
00181712,142,2020
00266961,89,2020
00124504,28,2020
00631518,85,2020
00113410,223,2020
00117212,26,2020
00109693,2207,2020
00146083,5,2020
00160047,0.0,2020
00113508,0.0,2020
00116824,0.0,2020
00164779,106,2020
00164478,2077,2020
00160588,193,2020
00160843,48,2020
00148540,6,2020
00120076,12,2020
00113207,11.0,2020
00121941,454.0,2020
00131780,190,2020
00117577,1.0,2020
00163512,48.0,2020
00161046,47,2020
00154462,2,2020
00117230,22.0,2020
00126955,40,2020
00138224,71.0,2020
00113526,991,2020
00120021,3,2020
00157681,36,2020
00145880,411,2020
00171636,1.0,2020
00136378,2.0,2020
00125743,8,2020
00157399,38,2020
00117188,74.0,2020
00120562,1.0,2020
00124726,206,2020
00120571,256,2020
00164742,4578,2020
00131832,10,2020
00105952,5,2020
00120030,1654.0,2020
00126362,929,2020
00140177,696.0,2020
00141529,44,2020
00109189,0.0,2020
00165680,328,2020
00161426,0.0,2020
00126371,402.0,2020
00136086,10.0,2020
00161693,52.0,2020
00119007,5.0,2020
00162461,92.0,2020
00140964,3,2020
00148896,70.0,2020
00105855,129,2020
00103626,5.0,2020
00164609,70,2020
00105961,3305,2020
00165413,109,2020
00164645,87,2020
00106623,18.0,2020
00164812,10.0,2020
00139889,20,2020
00164788,427,2020
00126566,39,2020
00158501,220,2020
00140955,42.0,2020
00159023,220,2020
00164724,339,2020
00139454,43,2020
00126186,72.0,2020
00144164,40,2020
00188089,69,2020
00170558,215,2020
00120526,90.0,2020
00203582,5,2020
00219097,4.0,2020
00126308,1184,2020
00149655,2086.0,2020
00234412,16,2020
00274933,71,2020
00231363,697,2020
00244455,208,2020
00255619,75,2020
00258801,90,2020
00261443,274,2020
00260408,3.0,2020
00220561,0.0,2020
00160232,1.0,2020
00124540,1669.0,2020
00309503,892.0,2020
00356370,63.0,2020
00349097,0.0,2020
00413523,342,2020
00412597,16,2020
00372882,450.0,2020
00372873,863.0,2020
00302926,252.0,2020
00401731,2692,2020
00201450,20,2020
00428251,0.0,2020
00159698,2.0,2020
00158307,66,2020
00500254,5,2020
00303873,196,2020
00300548,18,2020
00503668,113.0,2020
00362238,31,2020
00195229,6,2020
00361008,19,2020
00539274,0.0,2020
00360595,90,2020
00583442,13,2020
00583424,208,2020
00635134,55,2020
00759513,97.0,2020
00795135,147,2020
00828497,121,2020
00872984,0.0,2020
00896285,52,2020
00956930,12,2020
00983040,1,2020
00992871,7,2020
01009789,3,2020
01032413,372,2020
01036446,1.0,2020
00877059,296,2020
00508344,15,2020
01060744,18,2020
00565154,20,2020
01168383,16,2020
01208885,30,2020
01238169,27.0,2020
00339391,106,2020
01263022,513,2020
01267170,98,2020
01262032,75.0,2020
01316236,90,2020
01316227,354.0,2020
01316245,326.0,2020
01316254,20,2020
00362441,30.0,2020
00148364,2,2020
00265324,16.0,2020
00260958,80,2020
00228536,16,2020
00127954,49.0,2020
00347062,1.0,2020
00871833,22.0,2020
00126937,1.0,2020
00150244,170,2020
00145109,31,2020
00148993,0.0,2020
00129387,45,2020
00109286,167,2020
00104768,17.0,2020
00163691,2,2020
00114792,36,2020
00138190,6.0,2020
00149354,1.0,2020
00128971,150,2020
00138701,0.0,2020
00114552,455.0,2020
00103006,46,2020
00173874,108.0,2020
00105271,134,2020
00132211,14,2020
00124197,0.0,2020
00146269,5.0,2020
00153393,76.0,2020
00162993,1,2020
00141149,1.0,2020
00113544,4,2020
00107598,116,2020
00109718,39,2020
00157991,0.0,2020
00108241,126,2020
00127802,5.0,2020
00130879,27,2020
00128555,16.0,2020
00118266,7,2020
00132804,9,2020
00125150,0.0,2020
00108135,0.0,2020
00125530,89,2020
00167192,3.0,2020
00125521,1051,2020
00126380,1220,2020
00166227,0.0,2020
00129679,34,2020
00164672,0.0,2020
00125080,1.0,2020
00124799,289.0,2020
00107613,0.0,2020
00126487,22,2020
00163114,0.0,2020
00140946,23,2020
00153861,492,2020
00101488,166,2020
00126478,254,2020
00166315,68,2020
00115977,59.0,2020
00106368,94.0,2020
00102618,9.0,2020
00143527,0.0,2020
00164636,0.0,2020
00166272,11.0,2020
00159786,14,2020
00105101,0.0,2020
00159193,155,2020
00130684,19,2020
00165583,14,2020
00159795,5.0,2020
00161125,124,2020
00133991,6,2020
00108913,91.0,2020
00176914,15.0,2020
00203290,0.0,2020
00122737,305.0,2020
00148276,21,2020
00105873,17,2020
00217947,197,2020
00158316,6,2020
00219486,2.0,2020
00261285,0.0,2020
00225159,0.0,2020
00222532,6,2020
00219574,0.0,2020
00340917,86,2020
00356361,150,2020
00159209,219,2020
00256955,1.0,2020
00377610,1.0,2020
00390055,0.0,2020
00413046,117,2020
00459871,0.0,2020
00481454,47,2020
00480455,34,2020
00400857,3.0,2020
00357935,5.0,2020
00555874,343,2020
00595191,3.0,2020
00414850,706,2020
00628189,682,2020
00679314,6,2020
00684714,247,2020
00776820,38,2020
00557508,4,2020
00194947,803,2020
00855093,6.0,2020
00241005,6,2020
00937324,50,2020
00939331,0.0,2020
00939687,5.0,2020
00983271,20,2020
00990165,10,2020
00101664,6,2020
00911955,6,2020
01108099,2.0,2020
01032486,2,2020
01128613,0.0,2020
00904672,29,2020
00653024,166,2020
01060814,4,2020
01319808,7,2020
01325979,24,2020
00118804,16.0,2020
00158325,235,2020
00252135,0.0,2020
00223762,16,2020
00130763,95.0,2020
00298270,31,2020
00358271,104,2020
00398701,0.0,2020
00579980,0.0,2020
00536541,14.0,2020
00486097,3,2020
00447609,316,2020
00554024,7.0,2020
00579999,23,2020
00525934,21,2020
00857727,14.0,2020
00549891,11.0,2020
01135941,29,2020
01234507,80,2020
00119195,15,2020
00144818,0.0,2020
00111847,9.0,2020
00148984,43,2020
00128032,7,2020
00149026,0.0,2020
00151395,10.0,2020
00166519,16.0,2020
00100939,58,2020
00144252,0.0,2020
00134723,0.0,2020
00149947,44,2020
00113243,13,2020
00106395,0.0,2020
00122472,4,2020
00122579,33,2020
00113234,25.0,2020
00159740,0.0,2020
00152862,0.0,2020
00101433,26,2020
00127042,0.0,2020
00158112,0.0,2020
00138729,8,2020
00136457,0.0,2020
00174527,61,2020
00148443,0.0,2020
00117300,0.0,2020
00104722,20,2020
00127167,1.0,2020
00158149,3,2020
00165343,1,2020
00152880,804.0,2020
00132725,3,2020
00111810,12,2020
00118275,0.0,2020
00111999,18,2020
00163673,2.0,2020
00164706,6.0,2020
00133812,59,2020
00109806,23.0,2020
00129235,18,2020
00133858,147,2020
00113492,3.0,2020
00172936,16,2020
00148920,23,2020
00129989,36,2020
00163716,0.0,2020
00168331,1.0,2020
00121288,9.0,2020
00160302,2.0,2020
00156691,187.0,2020
00128412,7,2020
00127200,17,2020
00145163,1,2020
00153126,7,2020
00155531,29,2020
00143794,0.0,2020
00111421,7,2020
00113535,0.0,2020
00145552,22.0,2020
00118026,56.0,2020
00126779,33,2020
00159254,0.0,2020
00108977,9.0,2020
00159810,12.0,2020
00260383,8.0,2020
00141404,4.0,2020
00122898,7,2020
00124090,21,2020
00130091,0.0,2020
00104388,3,2020
00152686,170,2020
00154329,15,2020
00137252,5.0,2020
00131692,0.0,2020
00145260,27.0,2020
00103042,43,2020
00138260,23,2020
00136864,71.0,2020
00103592,15,2020
00153621,4.0,2020
00162586,11,2020
00159971,0.0,2020
00151128,1.0,2020
00160205,0.0,2020
00102858,59,2020
00141273,0.0,2020
00155124,0.0,2020
00139764,0.0,2020
00129013,43,2020
00137207,0.0,2020
00138297,3,2020
00136271,12,2020
00163345,44,2020
00141477,26.0,2020
00172291,49,2020
00173102,4,2020
00146232,104,2020
00117179,1.0,2020
00140779,0.0,2020
00105156,3.0,2020
00124780,0.0,2020
00132637,22,2020
00112679,2.0,2020
00153339,0.0,2020
00113614,17,2020
00161976,3,2020
00166573,31,2020
00108940,0.0,2020
00119672,18,2020
00161709,2,2020
00143651,180,2020
00121039,13.0,2020
00142883,13,2020
00152729,27,2020
00149239,20,2020
00137359,13.0,2020
00118965,36,2020
00140131,0.0,2020
00198697,1.0,2020
00131197,0.0,2020
00121534,1.0,2020
00159500,417,2020
00112022,0.0,2020
00181943,0.0,2020
00145464,46.0,2020
00107987,24.0,2020
00133706,0.0,2020
00209780,13,2020
00231372,0.0,2020
00158963,0.0,2020
00134510,9,2020
00121543,78,2020
00130772,35,2020
00129642,2.0,2020
00369833,0.0,2020
00303217,0.0,2020
00159218,231,2020
00353878,23.0,2020
00398792,14,2020
00428729,0.0,2020
00435312,8,2020
00210856,24,2020
00406046,12,2020
00414601,0.0,2020
00454946,3.0,2020
00113225,3,2020
00540641,22.0,2020
00409672,16.0,2020
00573579,75,2020
00671376,199,2020
00589127,0.0,2020
00587466,0.0,2020
00117726,37,2020
00593032,54,2020
00365387,6.0,2020
00632304,21,2020
00520887,45,2020
00648721,1.0,2020
00428321,34,2020
00145598,3,2020
00687711,0.0,2020
00728638,0.0,2020
00173944,7,2020
00753643,0.0,2020
00670340,0.0,2020
00787376,6.0,2020
00360142,29,2020
00823429,1.0,2020
00815369,0.0,2020
00151368,4,2020
00661847,8,2020
00119140,10,2020
00526599,38,2020
00110608,0.0,2020
01010110,6.0,2020
00132354,2.0,2020
01059605,31,2020
01093007,0.0,2020
00225706,31,2020
01167056,89,2020
01205329,85,2020
01261893,24,2020
01267684,118,2020
00248974,40.0,2020
01310269,620,2020
00367844,2196,2020
01412822,14.0,2020
00128111,55,2020
00141671,11,2020
00216647,81,2020
00238782,8.0,2020
00226352,0.0,2020
00171265,72.0,2020
00258689,0.0,2020
00247975,10,2020
00239639,52,2020
00260930,94,2020
00187415,2.0,2020
00280688,9,2020
00369170,57,2020
00306454,3.0,2020
00353610,17,2020
00228350,0.0,2020
00225742,2.0,2020
00364467,30,2020
00378628,4,2020
00245472,2.0,2020
00399694,52,2020
00405320,8,2020
00104573,14.0,2020
00476498,69,2020
00177816,1.0,2020
00531014,0.0,2020
00359395,2,2020
00490151,0.0,2020
00524421,0.0,2020
00525642,23.0,2020
00444329,13,2020
00613318,19,2020
00612294,0.0,2020
00888347,22,2020
00366137,0.0,2020
01032404,8.0,2020
01061327,0.0,2020
00970453,8,2020
01067516,29,2020
00819073,28,2020
01159853,27,2020
01160363,27,2020
01168684,18,2020
01152470,88,2020
01237540,71,2020
01236532,2.0,2020
00897752,0.0,2020
01256864,0.0,2020
00112378,0.0,2020
00101628,4.0,2020
00133335,1.0,2020
00126089,6.0,2020
00141307,6.0,2020
00104698,14.0,2020
00145686,11,2020
00123541,15.0,2020
00147222,0.0,2020
00159573,1,2020
00112970,20,2020
00120872,0.0,2020
00107066,276,2020
00126414,6,2020
00152039,3.0,2020
00101220,12.0,2020
00154055,0.0,2020
00125974,71.0,2020
00117337,53,2020
00118345,18,2020
00148948,0.0,2020
00148461,5.0,2020
00106119,0.0,2020
00114765,0.0,2020
00117027,10,2020
00129350,6.0,2020
00102751,14.0,2020
00116268,14,2020
00163196,10,2020
00122694,34,2020
00133618,0.0,2020
00127857,1.0,2020
00149345,13,2020
00141626,0.0,2020
00118451,0.0,2020
00173698,14,2020
00123107,0.0,2020
00150828,82,2020
00121932,6.0,2020
00149804,4.0,2020
00174004,16,2020
00106313,368,2020
00123718,36,2020
00146214,0.0,2020
00160621,0.0,2020
00154426,17,2020
00122348,0.0,2020
00122056,0.0,2020
00161860,352.0,2020
00133511,4.0,2020
00115287,29.0,2020
00108038,30,2020
00172185,0.0,2020
00134963,0.0,2020
00148939,0.0,2020
00135050,24,2020
00138057,0.0,2020
00114093,14.0,2020
00109514,226.0,2020
00127158,0.0,2020
00162063,291,2020
00135962,423.0,2020
00156488,16,2020
00124151,27,2020
00136341,118.0,2020
00109754,4.0,2020
00136624,2.0,2020
00115612,377,2020
00141875,179,2020
00260392,0.0,2020
00122825,0.0,2020
00109824,13.0,2020
00126201,32,2020
00136402,0.0,2020
00109161,33.0,2020
00146296,11,2020
00104786,0.0,2020
00146454,6,2020
00115384,13,2020
00131939,0.0,2020
00157104,8,2020
00145446,5,2020
00107224,1.0,2020
00121570,0.0,2020
00146542,0.0,2020
00104999,4.0,2020
00138516,0.0,2020
00168401,0.0,2020
00117629,17.0,2020
00102140,0.0,2020
00111111,0.0,2020
00111689,0.0,2020
00163761,0.0,2020
00129271,0.0,2020
00128227,16.0,2020
00143262,0.0,2020
00160375,0.0,2020
00166500,8,2020
00148522,5,2020
00128980,0.0,2020
00118521,0.0,2020
00129280,0.0,2020
00153524,0.0,2020
00124027,13,2020
00129554,35,2020
00160861,0.0,2020
00162072,11,2020
00145437,37,2020
00141413,0.0,2020
00102113,21,2020
00112651,7,2020
00102432,578,2020
00129420,16,2020
00156354,35,2020
00150633,0.0,2020
00129509,22,2020
00111458,0.0,2020
00105299,10.0,2020
00122481,12.0,2020
00132628,1,2020
00106881,0.0,2020
00134565,11.0,2020
00143314,7.0,2020
00108746,19.0,2020
00146649,1.0,2020
00135777,0.0,2020
00103662,7.0,2020
00135111,5.0,2020
00118008,1.0,2020
00138792,254,2020
00134316,0.0,2020
00191588,9.0,2020
00115065,1.0,2020
00103510,0.0,2020
00180795,0.0,2020
00121969,13,2020
00142865,37,2020
00177199,0.0,2020
00114154,110,2020
00191472,6,2020
00157070,28,2020
00197759,1,2020
00136776,6.0,2020
00123781,5.0,2020
00144395,10,2020
00204208,23,2020
00178754,27.0,2020
00135795,19.0,2020
00118044,89,2020
00273615,2.0,2020
00186559,88,2020
00218575,10.0,2020
00193009,4.0,2020
00146861,57,2020
00125576,0.0,2020
00145862,13,2020
00122551,0.0,2020
00249247,6.0,2020
00161383,3.0,2020
00269241,6,2020
00347734,1.0,2020
00422895,49,2020
00423690,123.0,2020
00427483,26,2020
00357360,0.0,2020
00151298,0.0,2020
00365989,23.0,2020
00416654,0.0,2020
00469799,0.0,2020
00305668,49,2020
00415628,39,2020
00361488,0.0,2020
00508274,3,2020
00540605,228,2020
00172228,9,2020
00557933,36,2020
00442835,0.0,2020
00585219,12,2020
00112165,0.0,2020
00106614,4.0,2020
00441243,3.0,2020
00646732,0.0,2020
00652423,0.0,2020
00681142,1.0,2020
00683469,35,2020
00706715,0.0,2020
00226316,14,2020
00561866,49.0,2020
00797364,60,2020
00796994,0.0,2020
00828789,95.0,2020
00855163,1,2020
00852087,0.0,2020
00415646,0.0,2020
00332927,4.0,2020
00105606,18,2020
00816544,1.0,2020
01234297,0.0,2020
01236897,16,2020
01262458,0.0,2020
00651901,52,2020
00128546,5,2020
00130383,52.0,2020
00117276,0.0,2020
00137915,29,2020
00141246,160,2020
00105466,179.0,2020
00184667,25,2020
00173032,7.0,2020
00197476,0.0,2020
00158219,0.0,2020
00155948,137.0,2020
00227333,14,2020
00264547,16,2020
00301246,2.0,2020
00141389,11.0,2020
00265041,2.0,2020
00246417,20,2020
00263654,0.0,2020
00230425,1.0,2020
00405278,20,2020
00313649,1.0,2020
00369657,16,2020
00375931,41.0,2020
00523307,48.0,2020
00541349,179,2020
00525679,27,2020
00114808,49,2020
00580199,19,2020
00556907,38,2020
00181299,31,2020
00545734,4,2020
00545929,2.0,2020
00411048,0.0,2020
00530185,52,2020
00693554,13,2020
00623661,9.0,2020
00808022,0.0,2020
00842619,10.0,2020
00838005,11,2020
00989619,0.0,2020
01074862,361,2020
01078178,0.0,2020
01090471,2.0,2020
01029394,0.0,2020
01336373,1.0,2020
01182444,0.0,2020
01181515,0.0,2020
00104519,1.0,2020
00107677,0.0,2020
00167208,132.0,2020
00150439,4.0,2020
00132868,0.0,2020
00134176,0.0,2020
00159564,6.0,2020
00480950,0.0,2020
00458234,21,2020
00110750,0.0,2020
00161781,30.0,2020
00306162,18.0,2020
00788773,11,2020
01061558,5,2020
00536523,0.0,2020
